onoma,eponymo,ilikia,email,tilefono,amka,typos_atomou
Χριστίνα,Ιωάννου,70,user6760@gmail.com,6935622866,20075682599,Ασθενής
Θεοδώρα,Μαρινάκης,72,user17981@gmail.com,6997788242,11105412405,Νοσηλευτής
Κώστας,Μιχαηλίδης,50,user48957@hotmail.com,6943110613,09067604347,Νοσηλευτής
Σπύρος,Παπαδόπουλος,21,user75767@hotmail.com,6965781314,22040585135,Ιατρός
Σπύρος,Χατζής,20,user2963@hotmail.com,6935961295,20050616601,Ασθενής
Μαριαλένα,Χαραλάμπους,50,user7930@gmail.com,6919029985,19117605737,Ασθενής
Αντώνης,Μακρής,18,user36134@yahoo.gr,6988369507,03080887989,Ασθενής
Μιχάλης,Αντωνίου,58,user50524@yahoo.gr,6990939850,23026866049,Ιατρός
Αλέξανδρος,Γεωργίου,28,user98305@hotmail.com,6996601088,14129831939,Ιατρός
Κατερίνα,Καλύβας,34,user20094@gmail.com,6903080545,01129226955,Ασθενής
Εύα,Χατζής,47,user51235@outlook.com,6979617486,12107958361,Νοσηλευτής
Θεοδώρα,Ράπτης,37,user82084@gmail.com,6927053318,26088900975,Ασθενής
Ανδρέας,Φωτίου,34,user48589@yahoo.gr,6971068315,20049280002,Ασθενής
Ιωάννα,Φωτόπουλος,49,user26301@gmail.com,6964751782,07037703321,Νοσηλευτής
Κατερίνα,Μιχαηλίδης,42,user10006@hotmail.com,6906670261,27088459709,Ασθενής
Σπύρος,Οικονόμου,20,user13690@outlook.com,6999230159,08100685776,Νοσηλευτής
Νίκος,Ράπτης,29,user64799@yahoo.gr,6923028860,13119759342,Ιατρός
Γιάννης,Κωνσταντίνου,22,user86492@hotmail.com,6967125999,19080401685,Ασθενής
Σοφία,Νικολάου,27,user56239@hotmail.com,6974832599,03089959438,Νοσηλευτής
Ανδρέας,Ψαρράς,22,user6540@gmail.com,6913596645,07030425013,Διοικητικός
Θάνος,Καλύβας,31,user69595@outlook.com,6940972518,01039525019,Διοικητικός
Σοφία,Χατζής,74,user20162@gmail.com,6999571458,22065247880,Ασθενής
Εύα,Ιωάννου,36,user75758@yahoo.gr,6963056434,19089017616,Ιατρός
Στέλιος,Στεφάνου,23,user23304@hotmail.com,6945150948,19070333027,Διοικητικός
Μαριαλένα,Γεωργίου,85,user56438@hotmail.com,6976341342,02024157190,Ασθενής
Μαριαλένα,Μάνθος,54,user76384@yahoo.gr,6901338756,10117245649,Ασθενής
Χρήστος,Παπαγεωργίου,80,user82700@outlook.com,6909890908,03014619314,Ασθενής
Ελευθερία,Μαρινάκης,28,user63359@hotmail.com,6978318252,21109878839,Διοικητικός
Κώστας,Δημητριάδης,46,user71995@outlook.com,6994623996,29078056776,Ασθενής
Ελευθερία,Νικολάου,23,user20497@outlook.com,6952496307,13070372071,Ασθενής
Ηλίας,Ράπτης,53,user37763@yahoo.gr,6994893764,01027315996,Ασθενής
Ελευθερία,Δημητρίου,35,user62529@hotmail.com,6959644304,25109186486,Ασθενής
Άννα,Καλύβας,68,user99407@yahoo.gr,6940855164,03115884871,Νοσηλευτής
Ελένη,Πέτρου,45,user39746@gmail.com,6965405017,10038144581,Ασθενής
Νίκος,Καλύβας,31,user60729@gmail.com,6977873248,29089535168,Ασθενής
Γιάννης,Σαμαράς,20,user68713@hotmail.com,6947216507,16080609722,Ασθενής
Όλγα,Αγγελόπουλος,24,user67946@hotmail.com,6990671501,21040225959,Νοσηλευτής
Πέτρος,Διαμαντής,20,user54837@hotmail.com,6950020455,18050675294,Ιατρός
Ελευθερία,Χατζής,54,user52230@hotmail.com,6971659001,10117213560,Διοικητικός
Ανδρέας,Πέτρου,35,user9334@yahoo.gr,6994163854,29049129144,Διοικητικός
Κατερίνα,Χαραλάμπους,79,user36817@gmail.com,6988192850,14024772624,Νοσηλευτής
Μιχάλης,Μαρινάκης,81,user53308@hotmail.com,6997034848,06084520221,Διοικητικός
Ελένη,Χατζής,28,user35144@outlook.com,6952544541,19049857094,Νοσηλευτής
Άννα,Παπαγεωργίου,30,user13172@yahoo.gr,6996309702,03119677654,Διοικητικός
Αγγελική,Δημητρίου,70,user77790@hotmail.com,6907283239,18075641649,Διοικητικός
Μαριαλένα,Βλάχος,21,user84635@outlook.com,6974654465,18040500492,Ασθενής
Μιχάλης,Διαμαντής,24,user67831@outlook.com,6945691813,22080260646,Νοσηλευτής
Άννα,Φωτόπουλος,67,user1809@gmail.com,6943333894,14075944139,Νοσηλευτής
Γεωργία,Αντωνίου,20,user61472@gmail.com,6986640017,05110633308,Ασθενής
Άννα,Γεωργίου,40,user42494@gmail.com,6968568993,18048670487,Νοσηλευτής
Σπύρος,Σαμαράς,22,user41434@hotmail.com,6908370297,21110456039,Ιατρός
Νεφέλη,Παπαγεωργίου,47,user26059@hotmail.com,6991704322,23077920071,Νοσηλευτής
Ελευθερία,Βλάχος,30,user42224@gmail.com,6934120354,10059670756,Ασθενής
Βασίλης,Μιχαηλίδης,55,user1724@gmail.com,6900627474,20067115923,Διοικητικός
Μαρία,Αλεξίου,81,user24518@yahoo.gr,6957587032,15124501431,Ιατρός
Εύα,Οικονόμου,28,user27533@hotmail.com,6950813170,20129813159,Ασθενής
Δημήτρης,Φωτίου,33,user50189@outlook.com,6965473766,08039389744,Ασθενής
Θεοδώρα,Οικονόμου,51,user20153@outlook.com,6993517240,01057529634,Διοικητικός
Γιάννης,Χατζής,22,user26683@yahoo.gr,6911427310,04010443316,Ιατρός
Σπύρος,Γεωργίου,58,user30845@hotmail.com,6947736748,02016803814,Νοσηλευτής
Παναγιώτης,Αλεξίου,59,user62000@outlook.com,6959649620,23106760849,Ασθενής
Κατερίνα,Λάζαρος,30,user61693@yahoo.gr,6932083227,30119609169,Ασθενής
Αντώνης,Χατζής,35,user77104@outlook.com,6915089680,21059160943,Διοικητικός
Νεφέλη,Χαραλάμπους,85,user2721@outlook.com,6906668370,29124130464,Διοικητικός
Γεωργία,Ψαρράς,38,user2132@yahoo.gr,6918619812,26118866522,Ασθενής
Άννα,Αγγελόπουλος,20,user44295@gmail.com,6995072349,13060666813,Ιατρός
Κώστας,Αντωνίου,67,user33503@outlook.com,6996004402,23035977126,Ασθενής
Βασίλης,Γεωργίου,67,user47979@hotmail.com,6915319890,03035982379,Διοικητικός
Δήμητρα,Μάνθος,58,user42985@hotmail.com,6939114116,03066870116,Νοσηλευτής
Στέλιος,Παπαγεωργίου,52,user49978@hotmail.com,6943515598,03087449368,Ασθενής
Αγγελική,Βλάχος,27,user8837@yahoo.gr,6967194374,25069926131,Διοικητικός
Ανδρέας,Φωτόπουλος,57,user56464@hotmail.com,6948083030,28096973636,Ασθενής
Γεωργία,Στεφάνου,55,user13652@outlook.com,6910231125,09087148284,Ασθενής
Δήμητρα,Κωνσταντίνου,24,user37379@hotmail.com,6939779892,24120207020,Διοικητικός
Ηλίας,Δημητριάδης,36,user8274@gmail.com,6901587159,18089036672,Νοσηλευτής
Αλέξανδρος,Δημητριάδης,85,user78765@outlook.com,6912545083,31084192623,Ασθενής
Νεφέλη,Χατζής,55,user76615@outlook.com,6963221432,28127165521,Ασθενής
Δημήτρης,Παπαδόπουλος,29,user56107@hotmail.com,6950272363,11129750218,Διοικητικός
Πέτρος,Παπαγεωργίου,61,user68772@gmail.com,6935260634,21086519526,Διοικητικός
Παύλος,Μαρινάκης,19,user39431@gmail.com,6969844985,23050780293,Ασθενής
Θεοδώρα,Γεωργίου,69,user77794@gmail.com,6928600468,19125793215,Ασθενής
Στέλιος,Διαμαντής,49,user75583@outlook.com,6912487845,02017791425,Ασθενής
Εύα,Παπαδόπουλος,27,user90684@yahoo.gr,6988805762,05069974445,Διοικητικός
Ιωάννα,Διαμαντής,20,user10208@hotmail.com,6909001376,02080605060,Ασθενής
Σπύρος,Ιωάννου,76,user84392@gmail.com,6904471934,02065064610,Διοικητικός
Μαρία,Φωτόπουλος,73,user49687@yahoo.gr,6949458587,02045315571,Ασθενής
Δήμητρα,Αντωνίου,82,user40554@gmail.com,6985487835,14024432211,Ασθενής
Χριστίνα,Στεφάνου,63,user91600@yahoo.gr,6923093621,06086348988,Νοσηλευτής
Ελένη,Γεωργίου,70,user71335@hotmail.com,6934271116,28085673440,Ασθενής
Γιώργος,Ιωάννου,46,user28597@hotmail.com,6928369211,09128084347,Ιατρός
Άννα,Βλάχος,27,user72377@yahoo.gr,6908829352,16099945058,Ασθενής
Χριστίνα,Βασιλείου,43,user65766@hotmail.com,6926926679,14108346592,Ασθενής
Ηλίας,Σαμαράς,41,user20718@yahoo.gr,6997865008,30098579446,Ασθενής
Μιχάλης,Χαραλάμπους,62,user12548@outlook.com,6997598599,09086435726,Νοσηλευτής
Θάνος,Χαραλάμπους,79,user14546@outlook.com,6902584074,04044756842,Ασθενής
Ιωάννα,Δημητριάδης,60,user10621@hotmail.com,6932544554,31016670616,Διοικητικός
Σοφία,Παπανικολάου,22,user16096@outlook.com,6970490871,28120467810,Ιατρός
Πέτρος,Νικολάου,53,user20352@hotmail.com,6900392063,21097362760,Νοσηλευτής
Γιάννης,Φωτίου,55,user81828@gmail.com,6980967999,20037111704,Ασθενής
Εύα,Ράπτης,18,user18447@outlook.com,6978342029,18090815623,Διοικητικός
Νεφέλη,Δημητριάδης,57,user46185@outlook.com,6966950990,07096944665,Ασθενής
Μιχάλης,Αγγελόπουλος,62,user60995@hotmail.com,6906031489,17086486097,Ασθενής
Ηλίας,Παπαδόπουλος,22,user72797@hotmail.com,6929315681,22120477375,Ιατρός
Αλέξανδρος,Φωτόπουλος,84,user82817@hotmail.com,6947892217,24124200242,Νοσηλευτής
Στέλιος,Ράπτης,31,user58174@yahoo.gr,6944239470,29109569303,Ιατρός
Χριστίνα,Σαμαράς,45,user40533@gmail.com,6954332775,16068107499,Ιατρός
Όλγα,Παπανικολάου,40,user21745@outlook.com,6957642592,22048608378,Ιατρός
Χριστίνα,Δημητριάδης,67,user14949@outlook.com,6964503115,25085958205,Διοικητικός
Δήμητρα,Βλάχος,52,user6880@outlook.com,6923736539,26067425558,Ιατρός
Μαρία,Διαμαντής,32,user33546@hotmail.com,6921832044,21119438801,Ιατρός
Ελένη,Καραγιάννης,80,user65700@yahoo.gr,6985873283,13044694947,Διοικητικός
Ελευθερία,Ιωάννου,39,user33138@yahoo.gr,6922383724,08088799158,Ιατρός
Εύα,Σαμαράς,39,user33912@gmail.com,6932862473,15088743388,Ιατρός
Μιχάλης,Ρήγας,28,user20815@gmail.com,6971735577,07109876453,Ιατρός
Δήμητρα,Παπαγεωργίου,61,user87239@yahoo.gr,6972916856,23126536791,Ασθενής
Ιωάννα,Μακρής,43,user52306@yahoo.gr,6926077956,10088308059,Ασθενής
Αλέξανδρος,Φωτίου,20,user80961@outlook.com,6988340277,12060698468,Ασθενής
Πέτρος,Κωστόπουλος,30,user1236@hotmail.com,6918826097,30069682579,Ασθενής
Όλγα,Στεφάνου,57,user63245@outlook.com,6960997137,24116938524,Ασθενής
Σοφία,Μιχαηλίδης,48,user48269@outlook.com,6986804077,04027802012,Ασθενής
Δημήτρης,Ιωάννου,69,user93816@yahoo.gr,6951727009,23035726441,Ασθενής
Θάνος,Πέτρου,46,user17529@outlook.com,6997721677,24028052131,Ασθενής
Κατερίνα,Ψαρράς,68,user20593@outlook.com,6987514057,24115888364,Διοικητικός
Δημήτρης,Αλεξίου,70,user51892@gmail.com,6911166198,04025648413,Ιατρός
Παναγιώτης,Ράπτης,60,user71457@yahoo.gr,6983796680,06116602025,Ασθενής
Παναγιώτης,Καραγιάννης,43,user41573@gmail.com,6945416790,05038348846,Ιατρός
Νίκος,Κωνσταντίνου,69,user60030@yahoo.gr,6970143207,24105758308,Ασθενής
Όλγα,Κωστόπουλος,37,user28759@yahoo.gr,6941431260,09018903616,Διοικητικός
Χριστίνα,Γαλάνης,41,user59489@outlook.com,6941389465,24088546021,Ιατρός
Κώστας,Ράπτης,82,user10785@yahoo.gr,6969922454,07064458454,Νοσηλευτής
Ηλίας,Γαλάνης,28,user73740@yahoo.gr,6910618079,15129887046,Ασθενής
Πέτρος,Φωτόπουλος,74,user87850@outlook.com,6911880217,14025228007,Διοικητικός
Μαριαλένα,Καλύβας,81,user57375@outlook.com,6982249046,10094598570,Ιατρός
Βασίλης,Μαρινάκης,53,user38800@hotmail.com,6999939319,02037342458,Ασθενής
Αλέξανδρος,Μιχαηλίδης,41,user19350@outlook.com,6943351934,18118519593,Ιατρός
Αγγελική,Βασιλείου,63,user87476@gmail.com,6911657015,23076302310,Ασθενής
Δημήτρης,Βλάχος,63,user21832@yahoo.gr,6903661076,20126311010,Νοσηλευτής
Νεφέλη,Γεωργίου,60,user98854@outlook.com,6920254960,13076696064,Ασθενής
Άννα,Καραγιάννης,63,user84130@hotmail.com,6924891164,18116361055,Νοσηλευτής
Παύλος,Ιωάννου,60,user28918@hotmail.com,6907738850,23056691943,Ιατρός
Αγγελική,Μάνθος,29,user20179@gmail.com,6946811023,29109729650,Νοσηλευτής
Μιχάλης,Λάζαρος,29,user39202@hotmail.com,6962055133,29089751749,Διοικητικός
Ανδρέας,Καλύβας,39,user52858@outlook.com,6934436978,18098721638,Διοικητικός
Νίκος,Αγγελόπουλος,83,user56999@gmail.com,6995011423,27114392225,Ασθενής
Βασίλης,Βασιλείου,26,user59670@outlook.com,6983966327,05060031886,Διοικητικός
Σπύρος,Μαρινάκης,57,user71731@hotmail.com,6956239015,05116985944,Διοικητικός
Μιχάλης,Σαμαράς,65,user29802@outlook.com,6930333561,10046167641,Νοσηλευτής
Ανδρέας,Μακρής,62,user60395@gmail.com,6988750464,28026488250,Ασθενής
Ελευθερία,Μακρής,72,user21062@yahoo.gr,6916619236,28055492211,Ασθενής
Πέτρος,Αντωνίου,60,user63195@hotmail.com,6912031275,28036633071,Διοικητικός
Βασιλική,Ρήγας,49,user92643@gmail.com,6971148505,31107788177,Διοικητικός
Σπύρος,Μάνθος,45,user35087@gmail.com,6986969338,30068151571,Νοσηλευτής
Ελένη,Παπαγεωργίου,65,user74121@hotmail.com,6981686230,01076160923,Διοικητικός
Ελευθερία,Αντωνίου,34,user7586@outlook.com,6949710244,03049296161,Ιατρός
Νίκος,Διαμαντής,69,user25927@outlook.com,6996728229,04045769317,Διοικητικός
Ανδρέας,Δημητριάδης,47,user31650@gmail.com,6997472158,01087920960,Νοσηλευτής
Όλγα,Καλύβας,23,user15206@yahoo.gr,6928388980,16080398793,Ασθενής
Χριστίνα,Ρήγας,67,user52367@outlook.com,6930891305,18035906391,Νοσηλευτής
Γιάννης,Δημητριάδης,27,user87644@hotmail.com,6918712316,18129976622,Νοσηλευτής
Σπύρος,Αλεξίου,64,user97784@gmail.com,6917406575,12016267995,Ιατρός
Όλγα,Μακρής,24,user96982@gmail.com,6999379394,16080248825,Νοσηλευτής
Στέλιος,Χαραλάμπους,27,user23594@yahoo.gr,6993238738,13069976937,Ασθενής
Γεωργία,Αλεξίου,83,user29388@outlook.com,6969366816,16074369547,Ασθενής
Σπύρος,Δημητριάδης,45,user98106@outlook.com,6941621323,31058163323,Διοικητικός
Κατερίνα,Κωνσταντίνου,23,user51309@yahoo.gr,6924344710,18090352790,Νοσηλευτής
Ελευθερία,Καραγιάννης,80,user25326@hotmail.com,6915912297,20064648483,Νοσηλευτής
Γιώργος,Καραγιάννης,58,user61450@hotmail.com,6905345096,14106844609,Νοσηλευτής
Ιωάννα,Κωνσταντίνου,29,user67428@gmail.com,6902551270,01079786083,Ασθενής
Γεωργία,Λάζαρος,28,user73833@hotmail.com,6946913933,05089884953,Ασθενής
Αγγελική,Μιχαηλίδης,72,user3132@gmail.com,6940667364,30065441369,Νοσηλευτής
Βασίλης,Σαμαράς,30,user66301@gmail.com,6905657505,24019614197,Ασθενής
Χρήστος,Δημητριάδης,48,user17275@hotmail.com,6954285152,04037844317,Ασθενής
Όλγα,Καραγιάννης,60,user77180@gmail.com,6938532696,08116625064,Νοσηλευτής
Μιχάλης,Μάνθος,68,user82565@hotmail.com,6986837930,27125838748,Διοικητικός
Χρήστος,Κωνσταντίνου,61,user7363@hotmail.com,6918346542,03056595064,Ιατρός
Γεωργία,Μάνθος,40,user71250@hotmail.com,6946243448,01088695318,Ασθενής
Χρήστος,Νικολάου,67,user48522@outlook.com,6964470800,09045928947,Ιατρός
Θεοδώρα,Στεφάνου,33,user24020@yahoo.gr,6955646546,30129389723,Ασθενής
Άννα,Χαραλάμπους,61,user97671@outlook.com,6951735256,13036533562,Ασθενής
Εύα,Βασιλείου,54,user52527@gmail.com,6941244916,26067254902,Διοικητικός
Ανδρέας,Αγγελόπουλος,31,user61546@outlook.com,6967014198,08039585346,Ασθενής
Βασίλης,Αλεξίου,45,user9755@gmail.com,6922335901,29078137155,Νοσηλευτής
Ελευθερία,Γεωργίου,32,user58657@yahoo.gr,6989797024,16019423688,Νοσηλευτής
Χρήστος,Αντωνίου,22,user90139@gmail.com,6931343979,08060402239,Νοσηλευτής
Γιάννης,Βλάχος,22,user9669@hotmail.com,6997970607,18020449145,Ιατρός
Χρήστος,Διαμαντής,42,user26194@gmail.com,6932197002,18058428018,Διοικητικός
Παναγιώτης,Δημητρίου,24,user2835@hotmail.com,6908136169,20040244711,Διοικητικός
Ηλίας,Λάζαρος,23,user97821@yahoo.gr,6904284130,08030366981,Νοσηλευτής
Γεωργία,Γεωργίου,71,user74308@yahoo.gr,6919497123,09025524525,Ασθενής
Χριστίνα,Οικονόμου,60,user14659@yahoo.gr,6948858663,29036615976,Διοικητικός
Παναγιώτης,Χαραλάμπους,75,user70435@yahoo.gr,6908736177,19025178439,Ασθενής
Γιώργος,Κωστόπουλος,76,user86154@yahoo.gr,6985667910,17075032006,Ιατρός
Αγγελική,Παπανικολάου,59,user2570@hotmail.com,6962684116,02096773760,Νοσηλευτής
Κώστας,Αγγελόπουλος,49,user63449@yahoo.gr,6929728376,09107797937,Νοσηλευτής
Μαριαλένα,Μαρινάκης,56,user24783@gmail.com,6939463467,08097071851,Νοσηλευτής
Αντώνης,Στεφάνου,64,user22845@gmail.com,6949647115,27036212068,Διοικητικός
Σοφία,Παπαγεωργίου,36,user76063@gmail.com,6947008896,08069088885,Ασθενής
Στέλιος,Καλύβας,22,user10762@yahoo.gr,6935095612,11100467158,Ιατρός
Δημήτρης,Στεφάνου,22,user9725@yahoo.gr,6905743561,20090479966,Διοικητικός
Μαρία,Μακρής,65,user41339@hotmail.com,6922182486,24096114298,Ασθενής
Δημήτρης,Οικονόμου,49,user5864@yahoo.gr,6920831450,03087783614,Διοικητικός
Αλέξανδρος,Στεφάνου,66,user63372@yahoo.gr,6905281516,22056004139,Ασθενής
Θάνος,Ψαρράς,42,user75898@hotmail.com,6957511486,28068480583,Νοσηλευτής
Θεοδώρα,Μάνθος,27,user30483@outlook.com,6951591734,31059967089,Νοσηλευτής
Παύλος,Φωτίου,66,user28383@yahoo.gr,6946956777,18066087869,Ασθενής
Κατερίνα,Φωτίου,23,user83600@hotmail.com,6903074513,08090361434,Ασθενής
Αντώνης,Οικονόμου,77,user11193@hotmail.com,6984675267,20114991306,Διοικητικός
Αγγελική,Ράπτης,18,user65781@yahoo.gr,6993611644,19110834569,Ιατρός
Θεοδώρα,Κωνσταντίνου,47,user98043@yahoo.gr,6912374785,25027979840,Διοικητικός
Χρήστος,Μιχαηλίδης,83,user13995@hotmail.com,6952613053,15064357343,Νοσηλευτής
Ελένη,Βλάχος,45,user84396@yahoo.gr,6968336785,05098106243,Ασθενής
Θάνος,Παπαγεωργίου,61,user40207@outlook.com,6914850025,01066563942,Νοσηλευτής
Μιχάλης,Κωνσταντίνου,43,user90363@hotmail.com,6934453171,09108380383,Νοσηλευτής
Νίκος,Οικονόμου,36,user23849@yahoo.gr,6963673365,19029051436,Ιατρός
Πέτρος,Σαμαράς,43,user10341@hotmail.com,6994258394,09068383675,Ασθενής
Νεφέλη,Ψαρράς,71,user91821@hotmail.com,6923061091,19065594744,Νοσηλευτής
Θεοδώρα,Αλεξίου,84,user95155@yahoo.gr,6984069464,04054201974,Διοικητικός
Δήμητρα,Μαρινάκης,46,user90799@yahoo.gr,6916735519,08118061285,Ασθενής
Εύα,Κωνσταντίνου,34,user96530@yahoo.gr,6976423315,22129247575,Ασθενής
Άννα,Λάζαρος,56,user36849@gmail.com,6981777356,02087077516,Ιατρός
Ελένη,Οικονόμου,39,user17833@gmail.com,6921436444,29048725629,Ασθενής
Θάνος,Βλάχος,67,user30085@yahoo.gr,6997676089,18015903773,Διοικητικός
Ελευθερία,Μάνθος,49,user58477@gmail.com,6990824500,28087700496,Ασθενής
Άννα,Πέτρου,30,user10578@hotmail.com,6998651910,22119620547,Ασθενής
Ελένη,Καλύβας,30,user91440@gmail.com,6922608062,08119651767,Ιατρός
Δημήτρης,Μαρινάκης,36,user35583@hotmail.com,6963725319,06059082649,Νοσηλευτής
Βασίλης,Χαραλάμπους,35,user99957@hotmail.com,6942206551,06019165174,Ιατρός
Νίκος,Βλάχος,47,user98808@outlook.com,6901828669,17057940055,Ασθενής
Εύα,Παπανικολάου,76,user21559@yahoo.gr,6975464643,03125045036,Ασθενής
Κώστας,Γαλάνης,46,user38900@outlook.com,6916630466,27088039572,Ασθενής
Θεοδώρα,Φωτίου,34,user93851@hotmail.com,6994418743,15049291643,Ιατρός
Πέτρος,Λάζαρος,35,user27483@yahoo.gr,6927097718,13129138054,Διοικητικός
Ανδρέας,Λάζαρος,68,user73595@hotmail.com,6961167282,03085815082,Ασθενής
Μιχάλης,Δημητριάδης,21,user29728@yahoo.gr,6975501758,22060586163,Διοικητικός
Κώστας,Ρήγας,28,user75667@hotmail.com,6929322452,03039892139,Ασθενής
Μαριαλένα,Λάζαρος,59,user82424@yahoo.gr,6908458503,13126770638,Νοσηλευτής
Πέτρος,Ράπτης,35,user16089@hotmail.com,6964392567,29049156103,Ασθενής
Παύλος,Βλάχος,74,user61514@hotmail.com,6993145963,28035274397,Ασθενής
Άννα,Νικολάου,64,user84014@hotmail.com,6928855359,14116282450,Ασθενής
Ηλίας,Χατζής,23,user33276@yahoo.gr,6956463503,18060326718,Ιατρός
Δήμητρα,Ράπτης,53,user6019@yahoo.gr,6988257967,28077380275,Ασθενής
Σπύρος,Κωνσταντίνου,58,user27245@gmail.com,6943215407,12076866124,Διοικητικός
Θάνος,Αντωνίου,18,user85870@gmail.com,6908323449,06060868993,Ασθενής
Νεφέλη,Δημητρίου,39,user93850@yahoo.gr,6954783022,26068714738,Διοικητικός
Παύλος,Μακρής,25,user66973@outlook.com,6959507697,27100139422,Ασθενής
Εύα,Δημητριάδης,42,user52840@gmail.com,6918766427,20108497934,Ασθενής
Θεοδώρα,Λάζαρος,49,user20364@gmail.com,6941036896,20057771483,Ασθενής
Χρήστος,Ψαρράς,73,user52015@gmail.com,6999614526,12045364041,Ασθενής
Μιχάλης,Ράπτης,22,user80173@outlook.com,6916756734,25110455645,Ασθενής
Μαρία,Σαμαράς,72,user43558@yahoo.gr,6978766215,24075447230,Νοσηλευτής
Μιχάλης,Γαλάνης,34,user78238@gmail.com,6980300040,04049288494,Διοικητικός
Κατερίνα,Δημητρίου,79,user79051@gmail.com,6980276004,18034735784,Νοσηλευτής
Άννα,Μαρινάκης,46,user83201@outlook.com,6944803645,16038065208,Νοσηλευτής
Αλέξανδρος,Σαμαράς,80,user56710@yahoo.gr,6934812637,09124645860,Διοικητικός
Μιχάλης,Χατζής,76,user89697@gmail.com,6918637662,09125002496,Διοικητικός
Αγγελική,Χατζής,20,user53788@gmail.com,6988070174,30120680260,Νοσηλευτής
Νεφέλη,Φωτόπουλος,31,user61920@gmail.com,6952120481,17019537542,Ιατρός
Νεφέλη,Σαμαράς,22,user49182@outlook.com,6973259262,26100447886,Ασθενής
Στέλιος,Αντωνίου,84,user39108@gmail.com,6973526456,27114223727,Ασθενής
Παύλος,Γεωργίου,68,user63047@outlook.com,6929392967,22115865680,Ιατρός
Βασιλική,Γεωργίου,74,user77857@yahoo.gr,6916083691,13115225497,Νοσηλευτής
Χριστίνα,Αγγελόπουλος,50,user77819@yahoo.gr,6935991102,10127699608,Ασθενής
Χρήστος,Μαρινάκης,30,user67672@hotmail.com,6966694717,12059650695,Ασθενής
Θάνος,Νικολάου,35,user45974@hotmail.com,6933211551,13059120997,Διοικητικός
Όλγα,Νικολάου,64,user63640@outlook.com,6902306658,21096212974,Ασθενής
Μαριαλένα,Διαμαντής,64,user95926@gmail.com,6911990163,24026275714,Ασθενής
Παναγιώτης,Ρήγας,21,user19641@hotmail.com,6940762747,19090547719,Νοσηλευτής
Δήμητρα,Νικολάου,84,user92324@outlook.com,6924314387,14074225756,Ασθενής
Δήμητρα,Χατζής,41,user71594@outlook.com,6912160745,16068589382,Ιατρός
Χριστίνα,Μιχαηλίδης,82,user33495@hotmail.com,6983908710,06124421548,Διοικητικός
Σοφία,Ψαρράς,64,user6585@hotmail.com,6964509972,06126222477,Ιατρός
Χριστίνα,Νικολάου,22,user64459@yahoo.gr,6960059826,16040493179,Ιατρός
Δήμητρα,Ρήγας,23,user41632@yahoo.gr,6981078031,03090344394,Νοσηλευτής
Γιώργος,Παπαγεωργίου,29,user34548@gmail.com,6958495920,10049749838,Ασθενής
Νεφέλη,Κωνσταντίνου,37,user49083@gmail.com,6944877586,08058909862,Ασθενής
Μαρία,Ράπτης,82,user68111@yahoo.gr,6947279634,18114432106,Ιατρός
Κατερίνα,Ράπτης,54,user53665@outlook.com,6936015468,07037211841,Νοσηλευτής
Ελένη,Σαμαράς,84,user23392@outlook.com,6977399233,24064249347,Ασθενής
Βασίλης,Στεφάνου,85,user13945@gmail.com,6924368257,17054104283,Διοικητικός
Κώστας,Γεωργίου,56,user15478@hotmail.com,6955561009,10127064229,Διοικητικός
Δημήτρης,Γαλάνης,29,user5665@yahoo.gr,6968552766,27099728378,Ιατρός
Χριστίνα,Φωτίου,44,user19354@hotmail.com,6968084681,22018235970,Ιατρός
Βασίλης,Δημητριάδης,61,user36609@gmail.com,6909028539,18026581848,Ασθενής
Σοφία,Παπαδόπουλος,76,user71159@hotmail.com,6953374550,17125030972,Διοικητικός
Κώστας,Παπαγεωργίου,37,user90911@yahoo.gr,6992661022,30088959779,Ασθενής
Ηλίας,Μαρινάκης,78,user24597@yahoo.gr,6919297690,30124824747,Νοσηλευτής
Ανδρέας,Διαμαντής,73,user6631@hotmail.com,6971349055,09075374257,Διοικητικός
Αλέξανδρος,Ρήγας,79,user65937@yahoo.gr,6912824761,08034771027,Ασθενής
Γιάννης,Ρήγας,52,user99418@yahoo.gr,6924260163,31057446403,Ασθενής
Ιωάννα,Βασιλείου,82,user47210@gmail.com,6985453086,24024429583,Ιατρός
Κώστας,Νικολάου,25,user45566@gmail.com,6922840529,10020164240,Νοσηλευτής
Δήμητρα,Ψαρράς,48,user59212@outlook.com,6992781787,03057873936,Ιατρός
Ηλίας,Αντωνίου,63,user53804@yahoo.gr,6956663213,14066307877,Νοσηλευτής
Δημήτρης,Χαραλάμπους,52,user7715@yahoo.gr,6975390802,17117429693,Νοσηλευτής
Γεωργία,Μαρινάκης,52,user74409@outlook.com,6979292231,25057478708,Διοικητικός
Παύλος,Ράπτης,20,user24804@outlook.com,6907298037,02030634060,Ιατρός
Μαρία,Καραγιάννης,18,user97264@hotmail.com,6920379055,22070852133,Ασθενής
Κώστας,Κωστόπουλος,49,user82471@outlook.com,6910429974,27087797722,Ασθενής
Ελευθερία,Χαραλάμπους,36,user71919@hotmail.com,6987329878,07059097537,Διοικητικός
Βασιλική,Φωτόπουλος,40,user21646@gmail.com,6955214065,30098633681,Νοσηλευτής
Μιχάλης,Βλάχος,47,user10410@outlook.com,6985240694,11087946135,Ιατρός
Νίκος,Πέτρου,66,user28692@yahoo.gr,6918199045,11126069287,Διοικητικός
Ελένη,Δημητρίου,27,user79751@outlook.com,6979537767,01099900174,Νοσηλευτής
Παναγιώτης,Χατζής,35,user18981@hotmail.com,6953802690,13079146562,Νοσηλευτής
Γεωργία,Οικονόμου,68,user29461@outlook.com,6996398142,28125858451,Ασθενής
Στέλιος,Κωνσταντίνου,27,user49233@gmail.com,6933573522,30059991174,Νοσηλευτής
Νεφέλη,Μάνθος,83,user26617@outlook.com,6977492087,14024366361,Ιατρός
Κώστας,Παπαδόπουλος,47,user57399@yahoo.gr,6945102842,23097966076,Ασθενής
Χριστίνα,Χαραλάμπους,71,user19177@hotmail.com,6906508830,19075521849,Ιατρός
Γεωργία,Παπαγεωργίου,40,user30418@outlook.com,6977736213,17078627586,Ιατρός
Γεωργία,Αγγελόπουλος,52,user88810@hotmail.com,6987863595,20127445848,Νοσηλευτής
Αγγελική,Κωνσταντίνου,60,user95924@gmail.com,6916273433,10016641871,Διοικητικός
Χρήστος,Καλύβας,48,user11318@gmail.com,6971815865,06117882147,Ιατρός
Άννα,Αλεξίου,66,user87008@hotmail.com,6926858159,04036081497,Νοσηλευτής
Βασιλική,Αντωνίου,57,user51143@hotmail.com,6983302181,13016967253,Νοσηλευτής
Γεωργία,Νικολάου,38,user67739@gmail.com,6998378617,27018846643,Ασθενής
Σοφία,Αγγελόπουλος,47,user90158@hotmail.com,6950915946,22047993944,Ασθενής
Μαρία,Μαρινάκης,36,user8766@hotmail.com,6995033537,01089009251,Ασθενής
Μιχάλης,Μιχαηλίδης,23,user41653@outlook.com,6943439121,28110356536,Ασθενής
Βασιλική,Αλεξίου,58,user14694@gmail.com,6954926088,19026812867,Νοσηλευτής
Νεφέλη,Μιχαηλίδης,79,user74895@hotmail.com,6986282729,23104793942,Διοικητικός
Δημήτρης,Ράπτης,66,user59256@outlook.com,6955223789,15056036339,Διοικητικός
Παύλος,Αλεξίου,51,user2498@outlook.com,6987075238,28077570409,Ασθενής
Νεφέλη,Γαλάνης,43,user81941@outlook.com,6980565841,21088351440,Ασθενής
Μιχάλης,Οικονόμου,18,user57617@outlook.com,6917829834,26050897250,Ασθενής
Θεοδώρα,Καλύβας,39,user66110@yahoo.gr,6920649350,30088748359,Διοικητικός
Γιάννης,Μάνθος,40,user82310@hotmail.com,6940369380,26018673990,Ασθενής
Όλγα,Παπαγεωργίου,66,user1866@gmail.com,6947819831,26026036012,Ασθενής
Αντώνης,Νικολάου,79,user96335@hotmail.com,6960294279,11074736272,Νοσηλευτής
Σπύρος,Κωστόπουλος,84,user2830@outlook.com,6985321889,15094210158,Διοικητικός
Παναγιώτης,Παπαγεωργίου,62,user4951@gmail.com,6992130321,02056408999,Ασθενής
Πέτρος,Βασιλείου,65,user91585@gmail.com,6962612793,09066167650,Ιατρός
Δημήτρης,Δημητρίου,48,user92266@hotmail.com,6986826702,25077800538,Νοσηλευτής
Ελευθερία,Δημητριάδης,42,user2846@gmail.com,6944175642,11108472772,Ασθενής
Αντώνης,Φωτόπουλος,29,user72947@hotmail.com,6916284469,20039794570,Ιατρός
Ιωάννα,Μιχαηλίδης,32,user89147@outlook.com,6998937003,31039442179,Νοσηλευτής
Ελευθερία,Παπανικολάου,73,user73710@hotmail.com,6986639639,29115336061,Διοικητικός
Νεφέλη,Αντωνίου,53,user47654@gmail.com,6901043948,19067311901,Ασθενής
Χριστίνα,Παπανικολάου,82,user31400@hotmail.com,6981598167,07034474162,Ιατρός
Θεοδώρα,Γαλάνης,33,user44917@gmail.com,6915409301,14119327026,Διοικητικός
Θάνος,Παπαδόπουλος,75,user52755@gmail.com,6970126649,23065187182,Ασθενής
Αντώνης,Λάζαρος,84,user55447@outlook.com,6938060282,24104247444,Ασθενής
Ελένη,Μιχαηλίδης,40,user89582@gmail.com,6962473923,31108619515,Ασθενής
Δήμητρα,Γαλάνης,64,user12524@outlook.com,6983056106,30056253919,Ασθενής
Γιάννης,Μαρινάκης,50,user7646@hotmail.com,6917081869,10127603332,Διοικητικός
Ηλίας,Μιχαηλίδης,29,user82638@yahoo.gr,6910839462,29049732701,Ιατρός
Δήμητρα,Παπανικολάου,61,user52950@outlook.com,6979524605,22046517064,Διοικητικός
Πέτρος,Χατζής,85,user5324@hotmail.com,6965032888,08114196214,Ασθενής
Νεφέλη,Λάζαρος,33,user3115@yahoo.gr,6907309552,25039392944,Νοσηλευτής
Κατερίνα,Μαρινάκης,38,user99292@gmail.com,6988446869,31108847971,Διοικητικός
Παναγιώτης,Παπαδόπουλος,18,user7648@hotmail.com,6907025782,04010800596,Διοικητικός
Δημήτρης,Μιχαηλίδης,60,user13624@yahoo.gr,6954989328,27016675051,Ασθενής
Βασίλης,Κωστόπουλος,51,user66395@yahoo.gr,6989211289,06117563335,Διοικητικός
Δημήτρης,Φωτόπουλος,60,user82423@hotmail.com,6967653460,22116643976,Διοικητικός
Νίκος,Μιχαηλίδης,46,user42155@hotmail.com,6963840165,02078042045,Ιατρός
Κατερίνα,Δημητριάδης,50,user35376@hotmail.com,6977782775,26067603805,Διοικητικός
Ελένη,Ιωάννου,39,user5707@yahoo.gr,6962471304,11038705180,Διοικητικός
Δημήτρης,Δημητριάδης,38,user51572@hotmail.com,6995047827,08018858516,Διοικητικός
Ανδρέας,Παπαδόπουλος,53,user76811@outlook.com,6969174374,21117342197,Νοσηλευτής
Γιάννης,Καραγιάννης,46,user83856@hotmail.com,6948946142,01078093778,Ασθενής
Γιάννης,Αλεξίου,20,user50273@yahoo.gr,6975400792,04080635356,Διοικητικός
Παύλος,Βασιλείου,74,user97903@yahoo.gr,6995218733,27095254287,Νοσηλευτής
Πέτρος,Παπαδόπουλος,75,user16443@outlook.com,6903646764,14055158747,Ασθενής
Σοφία,Ιωάννου,78,user56596@outlook.com,6949610789,22104893814,Διοικητικός
Μαρία,Χαραλάμπους,59,user98834@hotmail.com,6960362038,20076722924,Νοσηλευτής
Ανδρέας,Στεφάνου,71,user93215@outlook.com,6937503345,26125596722,Ασθενής
Μαριαλένα,Οικονόμου,38,user7905@yahoo.gr,6983949325,23028814627,Ασθενής
Νίκος,Κωστόπουλος,61,user12314@yahoo.gr,6903614869,09026562599,Ασθενής
Εύα,Διαμαντής,40,user78435@yahoo.gr,6935209665,23028627654,Ιατρός
Θεοδώρα,Χατζής,79,user94606@hotmail.com,6907163634,25114766832,Ασθενής
Γεωργία,Καραγιάννης,71,user90450@gmail.com,6904078943,10075502624,Νοσηλευτής
Ελένη,Αλεξίου,38,user97958@yahoo.gr,6970309850,11018863136,Ασθενής
Θάνος,Αλεξίου,47,user20654@hotmail.com,6945959455,20127959793,Διοικητικός
Εύα,Μαρινάκης,35,user40337@yahoo.gr,6993691748,15099107507,Νοσηλευτής
Ανδρέας,Σαμαράς,23,user59781@outlook.com,6921591585,19030348414,Ασθενής
Δημήτρης,Σαμαράς,79,user42595@gmail.com,6982662639,24104796300,Διοικητικός
Παύλος,Στεφάνου,26,user8874@yahoo.gr,6917249933,03090099312,Νοσηλευτής
Βασίλης,Χατζής,75,user98981@yahoo.gr,6947938775,28045106998,Ασθενής
Θεοδώρα,Ψαρράς,64,user87057@yahoo.gr,6971656052,10026244958,Νοσηλευτής
Κώστας,Βλάχος,25,user79611@yahoo.gr,6946142266,07100156298,Ιατρός
Βασίλης,Νικολάου,76,user42798@outlook.com,6923431630,30015023914,Διοικητικός
Γιάννης,Πέτρου,64,user16478@outlook.com,6930638579,18076242086,Ασθενής
Κατερίνα,Σαμαράς,66,user99650@outlook.com,6978902558,08096077288,Διοικητικός
Μαριαλένα,Φωτόπουλος,79,user91163@gmail.com,6990564942,13034773606,Ασθενής
Χρήστος,Χατζής,56,user59087@outlook.com,6917499247,23047006324,Νοσηλευτής
Ιωάννα,Δημητρίου,19,user81654@outlook.com,6928301717,07040742739,Διοικητικός
Γιάννης,Ψαρράς,82,user6265@outlook.com,6921079357,31084428740,Ιατρός
Χρήστος,Βλάχος,21,user65696@yahoo.gr,6975805699,24100534776,Ασθενής
Κατερίνα,Αντωνίου,19,user47811@gmail.com,6942058496,01090729354,Ιατρός
Χρήστος,Αλεξίου,81,user56618@gmail.com,6966039898,25124524763,Ασθενής
Άννα,Μιχαηλίδης,76,user51126@outlook.com,6973717432,25025008486,Νοσηλευτής
Αντώνης,Χαραλάμπους,76,user96278@outlook.com,6977601877,22035062029,Ασθενής
Κατερίνα,Ιωάννου,52,user84773@hotmail.com,6986892985,24047435697,Διοικητικός
Παύλος,Νικολάου,26,user57816@outlook.com,6900651010,09050064807,Ιατρός
Ιωάννα,Βλάχος,52,user14558@hotmail.com,6949512373,21047422567,Ασθενής
Όλγα,Αλεξίου,24,user53382@yahoo.gr,6957812059,08070203588,Διοικητικός
Βασιλική,Φωτίου,19,user84634@gmail.com,6971931404,21090726804,Διοικητικός
Δήμητρα,Μακρής,63,user19417@gmail.com,6958015024,27096314244,Διοικητικός
Μιχάλης,Γεωργίου,83,user86151@yahoo.gr,6907219276,07044341149,Ιατρός
Γιάννης,Αντωνίου,40,user64480@yahoo.gr,6921164976,05068650481,Ιατρός
Βασιλική,Πέτρου,28,user76695@hotmail.com,6924662370,26099895344,Ιατρός
Ιωάννα,Ράπτης,82,user54853@yahoo.gr,6946027573,19094415102,Διοικητικός
Ελευθερία,Κωστόπουλος,44,user9065@hotmail.com,6963575255,25108236524,Ασθενής
Παύλος,Χαραλάμπους,37,user98316@hotmail.com,6960178044,03028966791,Νοσηλευτής
Ηλίας,Ψαρράς,40,user63096@outlook.com,6987474847,18068612601,Ασθενής
Όλγα,Ράπτης,55,user92758@yahoo.gr,6961385210,20027184395,Νοσηλευτής
Θεοδώρα,Δημητριάδης,84,user85034@hotmail.com,6916223963,17114269334,Διοικητικός
Στέλιος,Αγγελόπουλος,65,user71122@yahoo.gr,6905994489,08046122018,Ασθενής
Θάνος,Μάνθος,41,user32104@hotmail.com,6991266235,14038546502,Ασθενής
Ελένη,Ψαρράς,34,user62521@hotmail.com,6914585044,21119250184,Ασθενής
Αγγελική,Μαρινάκης,85,user76009@gmail.com,6966067931,27064113080,Νοσηλευτής
Άννα,Οικονόμου,52,user23392@gmail.com,6983641753,21017437016,Ιατρός
Πέτρος,Δημητρίου,55,user75570@gmail.com,6924756115,02127192215,Νοσηλευτής
Όλγα,Χατζής,26,user77471@gmail.com,6918002397,21080066006,Ασθενής
Παναγιώτης,Στεφάνου,20,user96866@outlook.com,6925996364,29080673327,Διοικητικός
Μιχάλης,Παπαδόπουλος,24,user72181@gmail.com,6943112562,04100267628,Νοσηλευτής
Μαριαλένα,Δημητρίου,60,user61944@hotmail.com,6905191957,28026692058,Ιατρός
Θεοδώρα,Χαραλάμπους,61,user84205@hotmail.com,6978818884,25096574054,Ασθενής
Δήμητρα,Οικονόμου,52,user65661@outlook.com,6987122912,08077419973,Διοικητικός
Γεωργία,Μακρής,69,user71784@gmail.com,6927688395,27055724109,Διοικητικός
Θάνος,Σαμαράς,21,user3860@gmail.com,6963556768,24100569128,Ιατρός
Γιάννης,Δημητρίου,85,user84317@yahoo.gr,6925931274,17024116047,Ασθενής
Κατερίνα,Χατζής,68,user97556@gmail.com,6914952061,23055868978,Ασθενής
Παύλος,Δημητριάδης,73,user25162@gmail.com,6952637609,18095314451,Ασθενής
Δημήτρης,Καραγιάννης,60,user30195@yahoo.gr,6963051586,30036670971,Νοσηλευτής
Ελευθερία,Παπαδόπουλος,55,user42349@outlook.com,6998287349,27017195842,Νοσηλευτής
Πέτρος,Καραγιάννης,18,user17667@outlook.com,6926640380,16080879975,Νοσηλευτής
Ιωάννα,Ψαρράς,44,user21155@gmail.com,6949078889,25028208751,Διοικητικός
Ελένη,Διαμαντής,51,user9651@gmail.com,6911939831,12117536456,Νοσηλευτής
Ηλίας,Νικολάου,83,user53842@outlook.com,6917260149,26084323690,Νοσηλευτής
Βασίλης,Παπαδόπουλος,61,user25536@gmail.com,6957898839,06046575583,Ασθενής
Παύλος,Ψαρράς,43,user35661@yahoo.gr,6973207034,29058365375,Ασθενής
Εύα,Μάνθος,29,user75364@hotmail.com,6985794250,07099742268,Νοσηλευτής
Παναγιώτης,Παπανικολάου,66,user54080@yahoo.gr,6984724573,03126004893,Νοσηλευτής
Κώστας,Μάνθος,63,user80520@hotmail.com,6928276459,20086333246,Ασθενής
Σοφία,Στεφάνου,82,user90592@gmail.com,6989278897,16014472825,Ασθενής
Νίκος,Μαρινάκης,54,user26714@hotmail.com,6978430230,20057232485,Ασθενής
Γιώργος,Στεφάνου,53,user45187@gmail.com,6926024702,19027364165,Διοικητικός
Όλγα,Κωνσταντίνου,19,user63046@outlook.com,6972390389,06050738238,Ιατρός
Γιώργος,Παπαδόπουλος,85,user58821@gmail.com,6948236012,04104119082,Διοικητικός
Ελένη,Νικολάου,20,user29568@gmail.com,6957130423,11050658021,Ασθενής
Αλέξανδρος,Πέτρου,34,user85234@hotmail.com,6991474818,15029204990,Ασθενής
Όλγα,Μάνθος,25,user58228@outlook.com,6937846376,30060110111,Νοσηλευτής
Ανδρέας,Χαραλάμπους,46,user39722@hotmail.com,6928674487,03038005759,Νοσηλευτής
Πέτρος,Μιχαηλίδης,45,user1609@hotmail.com,6936765189,30068197729,Διοικητικός
Δημήτρης,Αγγελόπουλος,78,user88112@hotmail.com,6908554969,07094810040,Ασθενής
Γιώργος,Πέτρου,80,user77944@outlook.com,6992925063,01024610365,Ιατρός
Χριστίνα,Διαμαντής,52,user71399@gmail.com,6900431844,02127422971,Νοσηλευτής
Βασίλης,Φωτόπουλος,68,user51408@outlook.com,6908435100,26105808540,Ασθενής
Κατερίνα,Νικολάου,77,user41550@gmail.com,6992309552,25104926265,Ασθενής
Μαριαλένα,Βασιλείου,31,user26772@outlook.com,6930772734,09069561018,Ασθενής
Παναγιώτης,Αγγελόπουλος,46,user43044@gmail.com,6949310719,08118005072,Ασθενής
Παύλος,Παπαδόπουλος,64,user99248@gmail.com,6972092181,12016289283,Ασθενής
Γιάννης,Ράπτης,77,user79580@gmail.com,6960686622,23044911468,Νοσηλευτής
Ιωάννα,Αγγελόπουλος,63,user20027@gmail.com,6917023792,02036313485,Ασθενής
Βασιλική,Μακρής,75,user82840@gmail.com,6970327793,03065174291,Ασθενής
Νίκος,Σαμαράς,78,user84282@hotmail.com,6944880725,24054813176,Ασθενής
Ιωάννα,Καραγιάννης,57,user81530@gmail.com,6908808354,15116913619,Ασθενής
Αγγελική,Γεωργίου,70,user44606@yahoo.gr,6969442340,29015695923,Διοικητικός
Μιχάλης,Παπανικολάου,81,user37994@gmail.com,6929070933,06024508252,Ασθενής
Δήμητρα,Καραγιάννης,18,user5742@yahoo.gr,6981826049,16100868799,Ιατρός
Αντώνης,Δημητρίου,65,user3946@hotmail.com,6940753588,05076151023,Ασθενής
Ανδρέας,Βασιλείου,30,user35400@outlook.com,6907648469,17089610796,Ασθενής
Δημήτρης,Καλύβας,53,user57243@hotmail.com,6978850863,04067370997,Νοσηλευτής
Νίκος,Χατζής,51,user14819@gmail.com,6901842453,03037593592,Ιατρός
Μαρία,Ρήγας,18,user30013@hotmail.com,6938852216,07110869265,Διοικητικός
Σοφία,Ρήγας,24,user73385@gmail.com,6937842588,22020214679,Νοσηλευτής
Αγγελική,Κωστόπουλος,58,user26121@outlook.com,6940328079,04066869604,Ασθενής
Αλέξανδρος,Βασιλείου,64,user30393@outlook.com,6919382488,18086205617,Διοικητικός
Χριστίνα,Καλύβας,74,user99441@hotmail.com,6932820106,14065239800,Νοσηλευτής
Κώστας,Καραγιάννης,66,user70288@yahoo.gr,6933334687,24076008916,Ασθενής
Ηλίας,Χαραλάμπους,68,user22764@gmail.com,6947339742,04055829405,Διοικητικός
Νίκος,Ρήγας,57,user78752@outlook.com,6996234150,24086914544,Διοικητικός
Κατερίνα,Παπαγεωργίου,18,user52783@hotmail.com,6903538653,27060840942,Ασθενής
Αλέξανδρος,Ιωάννου,81,user59190@yahoo.gr,6918201814,06014567627,Νοσηλευτής
Γιάννης,Λάζαρος,70,user95137@gmail.com,6948146945,07025661146,Ασθενής
Μιχάλης,Νικολάου,41,user15738@hotmail.com,6996468698,16118595442,Ιατρός
Βασιλική,Παπαδόπουλος,63,user57361@yahoo.gr,6946851324,11036301026,Ασθενής
Δημήτρης,Ρήγας,46,user16376@yahoo.gr,6956584069,24058021973,Ασθενής
Κώστας,Μακρής,42,user23055@gmail.com,6980229341,27028422314,Ασθενής
Εύα,Γεωργίου,52,user92955@hotmail.com,6909193778,18107481250,Νοσηλευτής
Χριστίνα,Βλάχος,85,user34105@hotmail.com,6906963392,17044186323,Διοικητικός
Δημήτρης,Κωνσταντίνου,24,user38485@outlook.com,6907429647,19020256334,Διοικητικός
Μαριαλένα,Αγγελόπουλος,77,user35422@yahoo.gr,6923681673,09074937223,Ασθενής
Χρήστος,Ράπτης,60,user64902@outlook.com,6929489064,26046628037,Νοσηλευτής
Στέλιος,Γαλάνης,62,user49337@hotmail.com,6923408263,05026453339,Διοικητικός
Δημήτρης,Παπαγεωργίου,82,user87065@gmail.com,6969781226,17114480812,Νοσηλευτής
Σπύρος,Ράπτης,48,user88454@outlook.com,6971810304,19057889103,Διοικητικός
Παύλος,Γαλάνης,25,user99006@outlook.com,6960659104,02060181890,Ασθενής
Βασίλης,Κωνσταντίνου,29,user14638@outlook.com,6984144363,10089737527,Ιατρός
Αντώνης,Μαρινάκης,69,user44960@gmail.com,6938871051,16055745212,Διοικητικός
Αντώνης,Ψαρράς,70,user68509@yahoo.gr,6901869822,10075661414,Διοικητικός
Γιάννης,Νικολάου,81,user26577@yahoo.gr,6909229769,17084510025,Ασθενής
Θεοδώρα,Δημητρίου,70,user51799@yahoo.gr,6944344244,07025648436,Ασθενής
Αντώνης,Βλάχος,38,user2843@hotmail.com,6937806874,04048854946,Ασθενής
Ανδρέας,Μάνθος,42,user23664@outlook.com,6976045354,27118440194,Διοικητικός
Γιώργος,Γεωργίου,35,user68301@yahoo.gr,6970217688,23119130856,Ασθενής
Ιωάννα,Καλύβας,66,user34679@yahoo.gr,6915120223,09066024392,Ασθενής
Ελένη,Φωτόπουλος,28,user47756@outlook.com,6922480589,15089851983,Ιατρός
Ανδρέας,Βλάχος,68,user22677@yahoo.gr,6963994511,04055851549,Νοσηλευτής
