first_name,last_name
Jennifer,Cross
Robert,Chen
Vanessa,Davis
Hannah,Cruz
Kelly,Grimes
Tiffany,Webster
Kevin,Alvarez
Jerry,Garcia
Lauren,Smith
Joy,Wood
Jennifer,Washington
Mike,Lewis
Harry,Fowler
Joshua,Dennis
David,Flores
Matthew,Bennett
Michael,Garcia
Steven,Johns
Lisa,Kane
Brandi,Greer
Courtney,Thompson
Troy,Horton
Kathy,Jones
Tracy,Allen
Troy,Grant
Samuel,Fischer
Kelsey,Barrera
Michael,Valencia
Christina,Miles
Ian,Wiggins
Thomas,Norris
William,Daniels
Jason,Nelson
April,Carson
Kristy,Griffin
William,Steele
Evan,Henry
Andrew,Choi
Tiffany,Martinez
George,Foster
Michael,Cook
Matthew,Cooke
George,Nichols
Virginia,Benjamin
John,Gonzales
Barbara,Baird
Joseph,Gill
Brian,Dennis
Phillip,Wright
Anthony,Rhodes
Lori,Taylor
Melissa,Murphy
Elizabeth,Pace
Jose,Spencer
Dillon,Jones
Shannon,Walker
Richard,Reed
Lindsey,Gardner
Cheryl,Sanchez
Anthony,Harris
Dustin,Moore
Barry,Morgan
Victor,Williams
Calvin,Rowe
Andrew,Schwartz
Lauren,Daniels
Jared,Allen
Alec,Rojas
Rachel,Ortiz
Ashley,Long
Michelle,Henderson
Ralph,Henry
Michael,Smith
Clayton,Rodriguez
John,Molina
Nancy,Burke
Leonard,Porter
Laura,Beltran
Stephanie,Todd
Michael,Turner
