Αριθμός Μητρώου,Ειδικότητα,Βαθμίδα,ΑΜΚΑ,ΑΜΚΑ ΕΠΟΠΤΗ
210902,Καρδιολογία,Επιμελητής Α΄,19058052686,-
711638,Καρδιολογία,Επιμελητής Α΄,14119437181,19058052686
191416,Καρδιολογία,Διευθυντής,24077472344,-
302327,Καρδιολογία,Ειδικευόμενος,06097754783,24077472344
448747,Καρδιολογία,Διευθυντής,01077604596,-
536012,Καρδιολογία,Ειδικευόμενος,14108401817,03089666885
564757,Καρδιολογία,Διευθυντής,04118186220,-
489840,Καρδιολογία,Επιμελητής Β,09078144659,-
728305,Καρδιολογία,Διευθυντής,25079938035,-
971709,Καρδιολογία,Επιμελητής Β,18108426470,25079938035
397856,Καρδιολογία,Επιμελητής Β,03089666885,-
301756,Χειρουργική,Διευθυντής,02037080162,-
867345,Χειρουργική,Ειδικευόμενος,22047631069,16029120872
811516,Χειρουργική,Ειδικευόμενος,01117607863,25059487737
374114,Χειρουργική,Διευθυντής,16029120872,-
406741,Χειρουργική,Επιμελητής Α΄,25059487737,02037080162
930972,Χειρουργική,Ειδικευόμενος,10058730486,09077979358
822993,Χειρουργική,Διευθυντής,17117854316,-
619778,Χειρουργική,Διευθυντής,16088647931,-
312832,Χειρουργική,Επιμελητής Α΄,19119553521,09077979358
408587,Χειρουργική,Επιμελητής Α΄,20068625891,16029120872
787411,Χειρουργική,Επιμελητής Β,28099849614,16088647931
597247,Χειρουργική,Ειδικευόμενος,01067050175,02037080162
567804,Χειρουργική,Επιμελητής Β,26128358938,05058633254
279971,Χειρουργική,Διευθυντής,09077979358,-
218854,Χειρουργική,Ειδικευόμενος,24119727025,09077979358
912527,Χειρουργική,Ειδικευόμενος,19039429159,20068625891
159230,Χειρουργική,Διευθυντής,05058633254,-
718892,Χειρουργική,Ειδικευόμενος,14058898220,09077979358
325559,Παθολογία,Επιμελητής Β,12129942149,-
445452,Παθολογία,Ειδικευόμενος,20087398992,16119574674
152108,Παθολογία,Ειδικευόμενος,14049714176,16119574674
569713,Παθολογία,Επιμελητής Α΄,08057657369,-
235521,Παθολογία,Ειδικευόμενος,13029756463,24039636875
622862,Παθολογία,Επιμελητής Α΄,06068990455,-
193432,Παθολογία,Διευθυντής,02047686689,-
484560,Παθολογία,Επιμελητής Β,16119574674,06068990455
998771,Παθολογία,Επιμελητής Α΄,24039636875,-
490798,Παθολογία,Επιμελητής Α΄,21028850942,-
768060,Παιδιατρική,Διευθυντής,25029737600,-
379602,Παιδιατρική,Διευθυντής,26079700847,-
179258,Παιδιατρική,Διευθυντής,09108948351,-
929076,Παιδιατρική,Επιμελητής Α΄,05129690025,-
676152,Παιδιατρική,Διευθυντής,05038229895,-
634283,Παιδιατρική,Επιμελητής Α΄,26098493196,05038229895
535631,Παιδιατρική,Διευθυντής,18019195688,-
230018,Παιδιατρική,Επιμελητής Β,27077822545,25029737600
618129,Παιδιατρική,Ειδικευόμενος,03087069620,26079700847
411496,Παιδιατρική,Ειδικευόμενος,25017108718,26079700847
900592,Παιδιατρική,Επιμελητής Β,24118201462,24057511709
504790,Παιδιατρική,Ειδικευόμενος,03127917734,24118201462
963886,Παιδιατρική,Επιμελητής Α΄,24057511709,-
864387,Παιδιατρική,Ειδικευόμενος,24028941969,05038229895
524093,Γυναικολογία,Ειδικευόμενος,09079767957,03018736607
834905,Γυναικολογία,Ειδικευόμενος,03097065679,03018736607
296197,Γυναικολογία,Διευθυντής,20128592369,-
920822,Γυναικολογία,Διευθυντής,03018736607,-
190367,Γυναικολογία,Ειδικευόμενος,22037191960,03018736607
376500,Ορθοπεδική,Επιμελητής Β,07048971179,05028498969
173149,Ορθοπεδική,Επιμελητής Β,02038104742,-
173225,Ορθοπεδική,Επιμελητής Β,17068995975,10077908400
126748,Ορθοπεδική,Διευθυντής,08039854890,-
402889,Ορθοπεδική,Επιμελητής Β,14058964070,-
874870,Ορθοπεδική,Επιμελητής Α΄,07108717158,27058609519
353534,Ορθοπεδική,Ειδικευόμενος,20107639975,24128916301
570775,Ορθοπεδική,Επιμελητής Α΄,03078054555,10077908400
955231,Ορθοπεδική,Διευθυντής,27058609519,-
952792,Ορθοπεδική,Επιμελητής Α΄,01127929336,28077394331
931177,Ορθοπεδική,Επιμελητής Β,27017561522,07108717158
761115,Ορθοπεδική,Διευθυντής,10077908400,-
545755,Ορθοπεδική,Διευθυντής,28077394331,-
461172,Ορθοπεδική,Επιμελητής Β,06057073733,08039854890
848637,Ορθοπεδική,Ειδικευόμενος,27048565313,07108717158
583852,Ορθοπεδική,Επιμελητής Α΄,24128916301,-
915335,Ορθοπεδική,Διευθυντής,05028498969,-
468909,Ορθοπεδική,Διευθυντής,13098264713,-
955881,Νευρολογία,Διευθυντής,13099802195,-
307720,Νευρολογία,Διευθυντής,11058015355,-
774327,Νευρολογία,Επιμελητής Α΄,02119086919,-
927857,Νευρολογία,Ειδικευόμενος,21067955455,20057393414
934599,Νευρολογία,Επιμελητής Β,20057393414,-
238064,Νευρολογία,Ειδικευόμενος,04039875285,11067001173
563242,Νευρολογία,Επιμελητής Β,14068811771,11067001173
903541,Νευρολογία,Επιμελητής Β,03059942021,-
788177,Νευρολογία,Επιμελητής Β,14037741463,11107635560
593457,Νευρολογία,Διευθυντής,13118999853,-
210884,Νευρολογία,Διευθυντής,11107635560,-
589869,Νευρολογία,Επιμελητής Α΄,11067001173,11058015355
484842,Νευρολογία,Επιμελητής Α΄,16078119493,13099802195
410526,Δερματολογία,Διευθυντής,12098374840,-
529065,Δερματολογία,Επιμελητής Β,07117790556,15047684528
869725,Δερματολογία,Ειδικευόμενος,16017439132,25108407865
892882,Δερματολογία,Διευθυντής,16129802530,-
785652,Δερματολογία,Ειδικευόμενος,25038887844,07117790556
891648,Δερματολογία,Επιμελητής Α΄,26108857963,12098374840
395706,Δερματολογία,Διευθυντής,20049462809,-
629197,Δερματολογία,Επιμελητής Α΄,15047684528,-
362081,Δερματολογία,Διευθυντής,07028410759,-
349203,Δερματολογία,Διευθυντής,24087345356,-
681879,Δερματολογία,Ειδικευόμενος,22067825033,15047684528
772077,Δερματολογία,Ειδικευόμενος,26088245952,24087345356
531743,Δερματολογία,Ειδικευόμενος,17079949668,24087345356
707305,Δερματολογία,Ειδικευόμενος,03119087936,25108407865
346471,Δερματολογία,Ειδικευόμενος,16127855658,16129802530
108969,Δερματολογία,Διευθυντής,25108407865,-
699092,Οφθαλμολογία,Ειδικευόμενος,22048708244,25068863228
372425,Οφθαλμολογία,Επιμελητής Β,25109279060,-
400929,Οφθαλμολογία,Επιμελητής Β,23129808131,-
587714,Οφθαλμολογία,Διευθυντής,21118421361,-
317643,Οφθαλμολογία,Διευθυντής,17077100594,-
699519,Οφθαλμολογία,Διευθυντής,25068863228,-
431039,Οφθαλμολογία,Επιμελητής Β,21109187017,07028451887
225659,Οφθαλμολογία,Διευθυντής,19048215917,-
625406,Οφθαλμολογία,Διευθυντής,13079936275,-
626995,Οφθαλμολογία,Επιμελητής Β,13068311374,19048215917
134990,Οφθαλμολογία,Επιμελητής Α΄,07028451887,25068863228
986728,Ψυχιατρική,Επιμελητής Α΄,24117433894,24119807900
316338,Ψυχιατρική,Επιμελητής Α΄,07119352152,-
845791,Ψυχιατρική,Επιμελητής Α΄,17058154541,07119352152
715364,Ψυχιατρική,Επιμελητής Β,22129078719,07119352152
808340,Ψυχιατρική,Διευθυντής,01047035019,-
109963,Ψυχιατρική,Επιμελητής Α΄,26079853660,15128240920
179362,Ψυχιατρική,Διευθυντής,24119807900,-
705223,Ψυχιατρική,Επιμελητής Β,24107145302,24119807900
843261,Ψυχιατρική,Διευθυντής,22017265179,-
722308,Ψυχιατρική,Διευθυντής,15128240920,-
754868,Ουρολογία,Επιμελητής Α΄,09069388558,28069162783
252533,Ουρολογία,Επιμελητής Β,05029227003,19117900706
373447,Ουρολογία,Επιμελητής Α΄,28069162783,02017067437
343707,Ουρολογία,Επιμελητής Α΄,18027624641,-
577023,Ουρολογία,Διευθυντής,19117900706,-
128182,Ουρολογία,Επιμελητής Α΄,09108226874,18027624641
111300,Ουρολογία,Επιμελητής Β,26058583517,03079939204
688304,Ουρολογία,Επιμελητής Α΄,02017067437,12058808060
126615,Ουρολογία,Ειδικευόμενος,16098987991,19117900706
515047,Ουρολογία,Επιμελητής Α΄,12058808060,18027624641
106901,Ουρολογία,Επιμελητής Α΄,03079939204,02017067437
948027,Ουρολογία,Ειδικευόμενος,23037174049,28069162783
177016,Ουρολογία,Επιμελητής Α΄,23068368975,-
406743,Πνευμονολογία,Επιμελητής Α΄,27047489738,17077756031
664536,Πνευμονολογία,Διευθυντής,23129572709,-
173401,Πνευμονολογία,Επιμελητής Α΄,17077756031,05119324546
502982,Πνευμονολογία,Διευθυντής,04107705175,-
403549,Πνευμονολογία,Ειδικευόμενος,16078588988,05119324546
530415,Πνευμονολογία,Επιμελητής Α΄,19019371944,-
999426,Πνευμονολογία,Επιμελητής Α΄,05119324546,19019371944
303160,Πνευμονολογία,Επιμελητής Β,07079360690,-
411241,Πνευμονολογία,Διευθυντής,21037651243,-
338688,Πνευμονολογία,Επιμελητής Β,16108081819,-
303431,Πνευμονολογία,Ειδικευόμενος,21098428500,07079360690
