amka,va8mida,ID_tmhmatos
11105412405,Νοσηλευτής,7
09067604347,Προϊστάμενος,15
12107958361,Βοηθός Νοσηλευτή,13
07037703321,Βοηθός Νοσηλευτή,1
08100685776,Νοσηλευτής,13
03089959438,Βοηθός Νοσηλευτή,13
03115884871,Νοσηλευτής,10
21040225959,Νοσηλευτής,8
14024772624,Νοσηλευτής,11
19049857094,Νοσηλευτής,11
22080260646,Νοσηλευτής,15
14075944139,Βοηθός Νοσηλευτή,12
18048670487,Βοηθός Νοσηλευτή,6
23077920071,Προϊστάμενος,12
02016803814,Νοσηλευτής,13
03066870116,Νοσηλευτής,15
18089036672,Νοσηλευτής,7
06086348988,Νοσηλευτής,7
09086435726,Νοσηλευτής,14
21097362760,Προϊστάμενος,2
24124200242,Βοηθός Νοσηλευτή,3
07064458454,Προϊστάμενος,5
20126311010,Βοηθός Νοσηλευτή,13
18116361055,Νοσηλευτής,14
29109729650,Νοσηλευτής,9
10046167641,Βοηθός Νοσηλευτή,2
30068151571,Νοσηλευτής,1
01087920960,Νοσηλευτής,15
18035906391,Βοηθός Νοσηλευτή,2
18129976622,Βοηθός Νοσηλευτή,1
16080248825,Νοσηλευτής,11
18090352790,Βοηθός Νοσηλευτή,3
20064648483,Νοσηλευτής,13
14106844609,Νοσηλευτής,8
30065441369,Νοσηλευτής,12
08116625064,Νοσηλευτής,3
29078137155,Βοηθός Νοσηλευτή,14
16019423688,Νοσηλευτής,11
08060402239,Βοηθός Νοσηλευτή,15
08030366981,Νοσηλευτής,12
02096773760,Βοηθός Νοσηλευτή,9
09107797937,Νοσηλευτής,10
08097071851,Προϊστάμενος,1
28068480583,Νοσηλευτής,15
31059967089,Προϊστάμενος,9
15064357343,Νοσηλευτής,14
01066563942,Νοσηλευτής,8
09108380383,Νοσηλευτής,14
19065594744,Προϊστάμενος,15
06059082649,Προϊστάμενος,5
13126770638,Βοηθός Νοσηλευτή,11
24075447230,Προϊστάμενος,15
18034735784,Νοσηλευτής,10
16038065208,Νοσηλευτής,2
30120680260,Νοσηλευτής,4
13115225497,Νοσηλευτής,9
19090547719,Βοηθός Νοσηλευτή,9
03090344394,Βοηθός Νοσηλευτή,8
07037211841,Νοσηλευτής,12
30124824747,Νοσηλευτής,8
10020164240,Βοηθός Νοσηλευτή,2
14066307877,Νοσηλευτής,3
17117429693,Βοηθός Νοσηλευτή,11
30098633681,Βοηθός Νοσηλευτή,9
01099900174,Νοσηλευτής,12
13079146562,Νοσηλευτής,12
30059991174,Προϊστάμενος,5
20127445848,Βοηθός Νοσηλευτή,15
04036081497,Βοηθός Νοσηλευτή,14
13016967253,Νοσηλευτής,11
19026812867,Νοσηλευτής,2
11074736272,Προϊστάμενος,14
25077800538,Προϊστάμενος,14
31039442179,Βοηθός Νοσηλευτή,1
25039392944,Βοηθός Νοσηλευτή,15
21117342197,Νοσηλευτής,1
27095254287,Βοηθός Νοσηλευτή,5
20076722924,Βοηθός Νοσηλευτή,13
10075502624,Βοηθός Νοσηλευτή,2
15099107507,Νοσηλευτής,6
03090099312,Νοσηλευτής,5
10026244958,Νοσηλευτής,12
23047006324,Νοσηλευτής,2
25025008486,Νοσηλευτής,1
03028966791,Προϊστάμενος,5
20027184395,Βοηθός Νοσηλευτή,2
27064113080,Βοηθός Νοσηλευτή,10
02127192215,Νοσηλευτής,2
04100267628,Νοσηλευτής,15
30036670971,Προϊστάμενος,13
27017195842,Νοσηλευτής,11
16080879975,Προϊστάμενος,8
12117536456,Νοσηλευτής,1
26084323690,Νοσηλευτής,7
07099742268,Νοσηλευτής,8
03126004893,Νοσηλευτής,6
30060110111,Προϊστάμενος,8
03038005759,Βοηθός Νοσηλευτή,1
02127422971,Νοσηλευτής,13
23044911468,Νοσηλευτής,13
04067370997,Νοσηλευτής,5
22020214679,Νοσηλευτής,11
14065239800,Νοσηλευτής,13
06014567627,Νοσηλευτής,15
18107481250,Νοσηλευτής,9
26046628037,Βοηθός Νοσηλευτή,15
17114480812,Προϊστάμενος,12
04055851549,Βοηθός Νοσηλευτή,13
