ID_nosileias,AMKA_astheni,ID_klinis,ID_tmhmatos,imerominia_eisagwgis,imerominia_exodou,diagnosis_eisagwgis,diagnosis_exodou,AMKA_iatrou
1,01079786083,188,13,2023-01-01 17:16:55,2023-01-09 17:16:55,O88.3,B69.0,01090729354
2,07025648436,99,6,2023-01-04 08:43:39,2023-01-12 08:43:39,X57,X57,19029051436
3,23076302310,118,7,2023-01-07 09:46:36,2023-01-10 09:46:36,P75*,P75*,23028627654
4,01088695318,100,6,2023-01-09 13:43:04,2023-01-11 13:43:04,T22,E50.9,06117882147
5,16074369547,92,6,2023-01-12 07:32:12,2023-01-15 07:32:12,D51.8,D51.8,22120477375
6,18095314451,16,1,2023-01-12 21:42:25,2023-01-21 21:42:25,I71.5,I71.5,08088799158
7,06060868993,200,14,2023-01-15 13:37:39,2023-01-24 13:37:39,C11.8,C11.8,06050738238
8,12045364041,59,5,2023-01-21 13:12:07,,F80,,07034474162
9,07025648436,213,15,2023-01-22 23:31:55,2023-01-24 23:31:55,Q13.0,Q13.0,17075032006
10,25124524763,10,1,2023-01-28 11:51:49,2023-02-02 11:51:49,X97,X97,04025648413
11,07025648436,128,8,2023-01-31 18:48:00,2023-02-06 18:48:00,Y45.5,Y45.5,20039794570
12,10117245649,59,5,2023-02-05 00:59:11,2023-02-08 00:59:11,M34.8,M34.8,18118519593
13,22065247880,14,1,2023-02-05 12:47:27,2023-02-11 12:47:27,F50.5,F50.5,19089017616
14,07096944665,2,1,2023-02-07 09:36:19,2023-02-19 09:36:19,Q61.1,P03.1,06019165174
15,29048725629,190,13,2023-02-08 13:45:22,2023-02-15 13:45:22,T48.3,G70.8,19110834569
16,08058909862,133,8,2023-02-18 10:44:20,2023-02-28 10:44:20,C11.2,C11.2,02030634060
17,26100447886,94,6,2023-02-20 03:12:17,2023-02-27 03:12:17,N91.0,N91.0,29109569303
18,13076696064,41,2,2023-02-25 15:19:34,2023-03-03 15:19:34,L41,L41,15089851983
19,24058021973,185,13,2023-02-25 19:18:54,2023-02-28 19:18:54,S37.8,S37.8,21110456039
20,17089610796,124,8,2023-03-05 03:25:38,2023-03-15 03:25:38,Z08,Z08,28026692058
21,30119609169,18,1,2023-03-08 02:05:20,2023-03-14 02:05:20,N16.1*,N16.1*,20039794570
22,27100139422,45,2,2023-03-10 14:59:36,2023-03-13 14:59:36,X68,X68,10094598570
23,05089884953,88,6,2023-03-12 18:49:53,2023-03-20 18:49:53,R57.1,R57.1,07100156298
24,17086486097,89,6,2023-03-15 02:50:26,2023-03-25 02:50:26,I79*,I79*,18020449145
25,18076242086,60,5,2023-03-19 09:32:57,,Q37,,22120477375
26,26018673990,1,1,2023-03-20 20:20:01,2023-03-27 20:20:01,K75.0,K75.0,15089851983
27,07025648436,5,1,2023-03-23 09:56:47,2023-04-04 09:56:47,I45,I45,08088799158
28,16074369547,136,9,2023-03-25 01:17:53,2023-04-03 01:17:53,Q80.9,G71.1,16118595442
29,23035977126,116,7,2023-03-31 16:10:54,2023-04-07 16:10:54,D37.1,D37.1,04010443316
30,15129887046,104,7,2023-04-01 17:53:17,2023-04-03 17:53:17,H34.8,H34.8,18050675294
31,30098579446,26,2,2023-04-03 12:40:38,,R93.0,,23028627654
32,22035062029,144,9,2023-04-05 07:02:37,2023-04-16 07:02:37,D10.1,D10.1,24088546021
33,29078056776,82,5,2023-04-06 23:07:23,2023-04-14 23:07:23,C14.8,C14.8,21110456039
34,12016289283,216,15,2023-04-07 02:12:25,2023-04-11 02:12:25,M54.0,M54.0,20039794570
35,14055158747,113,7,2023-04-19 09:23:06,2023-04-21 09:23:06,Y19,Y19,24088546021
36,03039892139,116,7,2023-04-19 17:51:09,2023-04-29 17:51:09,Y90.4,Y90.4,19110834569
37,23055868978,23,1,2023-04-30 09:50:16,2023-05-08 09:50:16,N48.8,N48.8,14129831939
38,08118005072,194,13,2023-05-02 12:32:42,2023-05-10 12:32:42,H44.8,H44.8,02078042045
39,22056004139,48,3,2023-05-04 05:58:35,2023-05-10 05:58:35,S82.4,Y88.1,19075521849
40,24105758308,173,12,2023-05-05 05:39:02,2023-05-13 05:39:02,J15.2,J15.2,23028627654
41,11036301026,136,9,2023-05-06 00:34:48,2023-05-10 00:34:48,Y89.9,Y89.9,18114432106
42,30098579446,43,2,2023-05-08 10:10:47,2023-05-15 10:10:47,G80,G80,31084428740
43,28127165521,164,12,2023-05-10 06:27:22,2023-05-20 06:27:22,T24.6,T24.6,23028627654
44,12059650695,121,8,2023-05-17 05:43:28,2023-05-29 05:43:28,L98.3,L98.3,28120467810
45,01027315996,59,5,2023-05-17 15:30:32,2023-05-19 15:30:32,B44.7,F51.3,17019537542
46,24116938524,3,1,2023-05-21 12:46:28,2023-06-02 12:46:28,V84.5,N99.2,08119651767
47,25110455645,106,7,2023-05-21 23:08:26,2023-05-30 23:08:26,A22.9,A22.9,05068650481
48,27100139422,37,2,2023-05-27 11:22:20,2023-06-01 11:22:20,L70.1,L70.1,21119438801
49,10038144581,191,13,2023-05-28 08:35:42,2023-06-01 08:35:42,Z03.9,Z03.9,10094598570
50,23106760849,92,6,2023-05-31 13:32:24,2023-06-11 13:32:24,W23,W23,19075521849
51,07025648436,220,15,2023-06-03 10:57:27,2023-06-07 10:57:27,K12,K12,05068650481
52,22047993944,175,12,2023-06-03 14:06:41,2023-06-13 14:06:41,B27.1,B27.1,15089851983
53,19030348414,23,1,2023-06-03 23:59:37,2023-06-13 23:59:37,C81.9,C81.9,19089017616
54,04048854946,107,7,2023-06-06 01:54:22,2023-06-16 01:54:22,I05.2,I05.2,02087077516
55,24026275714,121,8,2023-06-07 15:41:04,2023-06-11 15:41:04,Z80.3,E87.7,11100467158
56,12059650695,89,6,2023-06-07 19:28:57,2023-06-15 19:28:57,M79.3,M79.3,18050675294
57,15129887046,134,8,2023-06-08 11:47:51,2023-06-19 11:47:51,E24.9,E24.9,29109569303
58,26105808540,195,13,2023-06-12 15:19:51,2023-06-24 15:19:51,Z37.2,Q92.3,29049732701
59,25114766832,197,14,2023-06-12 23:05:59,2023-06-21 23:05:59,N90.4,N90.4,16118595442
60,09069561018,182,13,2023-06-16 21:05:36,2023-06-28 21:05:36,D14.0,D14.0,31084428740
61,29049156103,34,2,2023-06-18 16:41:29,2023-06-22 16:41:29,B85.3,B85.3,03056595064
62,05098106243,116,7,2023-06-21 15:52:58,2023-06-28 15:52:58,E28.0,L60.9,07109876453
63,10127699608,65,5,2023-06-23 02:35:50,2023-07-02 02:35:50,D77*,D77*,03049296161
64,02037342458,162,12,2023-06-27 02:24:32,2023-07-07 02:24:32,E66.2,E66.2,06050738238
65,20049280002,65,5,2023-07-04 03:42:03,2023-07-08 03:42:03,Q18.9,Q18.9,14129831939
66,27114223727,64,5,2023-07-04 20:04:50,2023-07-08 20:04:50,N85.6,N85.6,22040585135
67,20050616601,108,7,2023-07-08 22:05:42,2023-07-18 22:05:42,Y79,Y79,15124501431
68,19025178439,86,6,2023-07-09 08:40:32,2023-07-11 08:40:32,M47.2,M47.2,15124501431
69,19030348414,121,8,2023-07-24 08:55:44,2023-08-02 08:55:44,Q17.2,Q17.2,21119438801
70,25114766832,106,7,2023-07-25 02:05:31,2023-08-02 02:05:31,M40.1,S99.9,19029051436
71,04027802012,145,9,2023-08-02 07:28:58,2023-08-14 07:28:58,G24.4,G24.4,11087946135
72,17084510025,155,11,2023-08-03 07:15:00,2023-08-14 07:15:00,N88.9,Y46.7,17019537542
73,16080609722,114,7,2023-08-04 17:11:24,2023-08-12 17:11:24,L93,L93,28120467810
74,05110633308,62,5,2023-08-10 10:37:45,2023-08-15 10:37:45,Y35.5,Y35.5,03049296161
75,18026581848,8,1,2023-08-11 06:07:14,2023-08-16 06:07:14,C69.9,C69.9,07034474162
76,30129389723,191,13,2023-08-12 20:32:20,2023-08-21 20:32:20,A75.9,A75.9,16068107499
77,27087797722,152,10,2023-08-13 03:08:08,2023-08-25 03:08:08,Y41.1,Y41.1,24100569128
78,06116602025,71,5,2023-08-13 11:03:21,2023-08-18 11:03:21,T34,T34,06126222477
79,19117605737,7,1,2023-08-19 06:25:13,2023-08-24 06:25:13,I86.3,C64,02087077516
80,09026562599,126,8,2023-08-20 23:01:46,2023-08-24 23:01:46,N15.8,N15.8,08088799158
81,05110633308,29,2,2023-08-22 22:50:54,,M83.8,,26067425558
82,14038546502,24,1,2023-08-26 14:16:51,2023-08-31 14:16:51,L74.0,L74.0,05038348846
83,09087148284,76,5,2023-08-28 22:12:41,2023-09-02 22:12:41,N15.1,N15.1,16118595442
84,11018863136,107,7,2023-08-31 20:04:11,2023-09-09 20:04:11,Q78.3,Q78.3,18114432106
85,23106760849,205,14,2023-09-02 16:46:06,,R06.6,,24088546021
86,17084510025,31,2,2023-09-05 01:43:31,2023-09-15 01:43:31,C17.8,C17.8,03056595064
87,24105758308,221,15,2023-09-07 16:08:39,,V53,,03037593592
88,05089884953,107,7,2023-09-12 01:31:38,2023-09-21 01:31:38,S62.3,S62.3,11087946135
89,11036301026,72,5,2023-09-14 02:41:55,2023-09-23 02:41:55,P52.9,P52.9,06117882147
90,30088959779,77,5,2023-09-17 00:09:23,2023-09-29 00:09:23,R46.5,R46.5,20039794570
91,02017791425,97,6,2023-09-17 01:50:58,2023-09-25 01:50:58,E07.8,E07.8,23056691943
92,02036313485,139,9,2023-09-19 17:13:47,2023-09-21 17:13:47,B56,B56,15049291643
93,17086486097,120,7,2023-09-20 09:40:58,2023-09-25 09:40:58,S23.0,S23.0,16118595442
94,24019614197,155,11,2023-09-21 00:30:20,2023-09-26 00:30:20,A39.0+,V78,24088546021
95,08034771027,37,2,2023-09-22 06:37:42,2023-10-04 06:37:42,G80.8,G80.8,31084428740
96,21088351440,171,12,2023-09-23 03:34:54,2023-10-02 03:34:54,K03.6,K03.6,13119759342
97,11050658021,123,8,2023-09-23 13:27:21,2023-09-28 13:27:21,K57.4,K57.4,01090729354
98,20037111704,43,2,2023-10-04 13:36:47,2023-10-07 13:36:47,Z82.4,Z82.4,23026866049
99,22129247575,99,6,2023-10-06 11:53:02,2023-10-14 11:53:02,B34,B34,16040493179
100,21047422567,26,2,2023-10-07 16:58:14,,R30,,08088799158
101,02017791425,196,14,2023-10-09 17:13:19,2023-10-18 17:13:19,C49.9,C49.9,18060326718
102,09069561018,3,1,2023-10-10 14:22:41,,M87.8,,06117882147
103,26018673990,130,8,2023-10-10 19:25:33,2023-10-12 19:25:33,H35.8,H35.8,21119438801
104,04027802012,141,9,2023-10-16 06:32:49,2023-10-20 06:32:49,F06.2,F06.2,16068107499
105,15029204990,119,7,2023-10-16 13:50:35,2023-10-28 13:50:35,S35,S35,02078042045
106,18095314451,186,13,2023-10-18 06:12:41,2023-10-25 06:12:41,T88.5,T88.5,22120477375
107,25104926265,134,8,2023-10-21 23:43:19,2023-11-01 23:43:19,Z56,Z56,01090729354
108,22119620547,27,2,2023-10-22 06:15:18,2023-10-29 06:15:18,V09.2,V09.2,20039794570
109,24116938524,217,15,2023-10-25 05:22:48,2023-10-28 05:22:48,I13.2,I13.2,05038348846
110,13069976937,212,15,2023-10-25 09:37:11,2023-10-30 09:37:11,N93,N93,29049732701
111,19030348414,34,2,2023-10-26 17:12:50,2023-10-29 17:12:50,I69,I69,26067425558
112,26100447886,146,9,2023-10-28 00:57:17,2023-11-01 00:57:17,Z63.0,Z63.0,03049296161
113,21088351440,85,5,2023-11-04 22:02:25,2023-11-16 22:02:25,V67,V67,02078042045
114,27088459709,128,8,2023-11-06 14:10:30,2023-11-14 14:10:30,B87.1,B87.1,10089737527
115,10127699608,181,13,2023-11-08 12:02:24,2023-11-13 12:02:24,V87,V87,06050738238
116,25110455645,68,5,2023-11-11 05:50:42,2023-11-18 05:50:42,Y66,Y66,17019537542
117,27100139422,158,11,2023-11-14 11:04:32,2023-11-26 11:04:32,A18.8,A18.8,21017437016
118,05076151023,82,5,2023-11-16 01:28:26,2023-11-23 01:28:26,O22.0,O22.0,24088546021
119,04027802012,156,11,2023-11-22 20:20:12,2023-11-29 20:20:12,Q92.5,Q92.5,14129831939
120,16099945058,162,12,2023-11-23 17:34:18,2023-12-05 17:34:18,M91.8,M91.8,27099728378
121,14038546502,212,15,2023-11-28 23:56:57,2023-12-04 23:56:57,I05.1,I05.1,18118519593
122,22119620547,163,12,2023-11-29 17:17:55,2023-12-10 17:17:55,H27.1,H27.1,16040493179
123,03039892139,3,1,2023-12-03 03:59:54,2023-12-06 03:59:54,J06,J06,09045928947
124,11108472772,65,5,2023-12-03 15:22:40,2023-12-08 15:22:40,J94.1,Y46,18118519593
125,20086333246,43,2,2023-12-06 02:09:46,2023-12-15 02:09:46,C08.1,R26.8,18118519593
126,14055158747,116,7,2023-12-06 04:26:33,2023-12-09 04:26:33,J15.4,J15.4,19029051436
127,01078093778,157,11,2023-12-06 20:12:34,2023-12-18 20:12:34,T65.1,T65.1,11087946135
128,13076696064,59,5,2023-12-08 15:40:22,2023-12-11 15:40:22,X68,M16.7,24088546021
129,25114766832,123,8,2023-12-10 10:41:31,2023-12-12 10:41:31,R01.0,R01.0,14129831939
130,26026036012,39,2,2023-12-14 01:24:28,2023-12-26 01:24:28,P15.3,P15.3,15124501431
131,23035726441,10,1,2023-12-19 22:23:21,2023-12-28 22:23:21,D51.0,D51.0,08088799158
132,24064249347,18,1,2023-12-20 04:50:40,2023-12-30 04:50:40,Z30.1,Z30.1,26067425558
133,23097966076,148,10,2023-12-21 01:09:43,2023-12-25 01:09:43,H05.0,H05.0,29109569303
134,27114223727,119,7,2023-12-24 07:54:38,2023-12-29 07:54:38,Q18.8,Q18.8,22048608378
135,28045106998,138,9,2023-12-29 00:24:02,2024-01-03 00:24:02,I65.3,I65.3,28026692058
136,31057446403,58,5,2023-12-30 01:31:34,2024-01-05 01:31:34,T05,T05,06126222477
137,03080887989,104,7,2023-12-31 03:49:09,2024-01-07 03:49:09,D53,D53,16040493179
138,17084510025,58,5,2024-01-02 04:11:23,2024-01-06 04:11:23,Q63.1,Q63.1,15049291643
139,18095314451,208,15,2024-01-04 06:54:03,2024-01-06 06:54:03,D84.8,J16,08119651767
140,09025524525,171,12,2024-01-04 08:09:10,,A79.0,,18060326718
141,06060868993,97,6,2024-01-10 01:59:44,2024-01-22 01:59:44,T91.2,T91.2,22115865680
142,06116602025,153,11,2024-01-13 12:36:22,2024-01-20 12:36:22,C69.1,C69.1,29109569303
143,04066869604,153,11,2024-01-14 23:07:32,2024-01-26 23:07:32,E87.1,E87.1,03057873936
144,02045315571,59,5,2024-01-16 04:28:56,2024-01-27 04:28:56,F84.8,F84.8,31084428740
145,17024116047,141,9,2024-01-18 05:12:33,2024-01-29 05:12:33,Q93.6,Q93.6,21119438801
146,01129226955,92,6,2024-01-20 15:01:44,2024-01-23 15:01:44,O83.8,O83.8,24100569128
147,31057446403,216,15,2024-01-20 23:26:27,2024-01-31 23:26:27,R43,R43,02087077516
148,04048854946,112,7,2024-01-23 00:31:18,2024-01-25 00:31:18,S70.8,S70.8,28120467810
149,20108497934,222,15,2024-01-25 16:05:42,2024-01-29 16:05:42,Q13.4,Q13.4,06050738238
150,16080609722,198,14,2024-01-26 07:03:17,2024-01-29 07:03:17,E89.4,E89.4,18020449145
151,19080401685,185,13,2024-01-26 22:25:53,2024-01-30 22:25:53,O00.0,J86,02030634060
152,01088695318,181,13,2024-01-27 04:45:04,2024-01-31 04:45:04,N76.2,N76.2,05038348846
153,24096114298,60,5,2024-01-28 22:35:52,2024-02-09 22:35:52,S89.7,S89.7,22120477375
154,09066024392,39,2,2024-02-03 22:57:19,2024-02-10 22:57:19,B59+,B59+,15089851983
155,31108619515,120,7,2024-02-07 01:12:11,2024-02-10 01:12:11,S82.8,E78.6,01024610365
156,02024157190,15,1,2024-02-13 12:17:37,2024-02-15 12:17:37,S79.9,S79.9,26067425558
157,08090361434,46,3,2024-02-14 08:39:53,2024-02-26 08:39:53,M33.9,M33.9,12016267995
158,26105808540,98,6,2024-02-15 10:31:24,2024-02-20 10:31:24,T06.5,T06.5,11087946135
159,28077570409,222,15,2024-02-18 10:57:30,2024-02-21 10:57:30,L41.4,I97.1,02087077516
160,06046575583,175,12,2024-02-20 21:32:06,2024-02-24 21:32:06,G41.1,T81.6,02078042045
161,24104247444,96,6,2024-02-24 16:06:59,2024-02-26 16:06:59,N85.5,N85.5,02030634060
162,03125045036,6,1,2024-02-24 23:54:27,2024-03-06 23:54:27,M12,M12,06019165174
163,26026036012,88,6,2024-03-04 06:35:23,2024-03-10 06:35:23,S93.0,S93.0,11100467158
164,20057232485,93,6,2024-03-07 12:05:17,2024-03-18 12:05:17,B06.8,B06.8,22040585135
165,20075682599,15,1,2024-03-09 07:48:18,2024-03-11 07:48:18,Q97.0,Q97.0,09128084347
166,26125596722,57,5,2024-03-10 08:59:14,2024-03-18 08:59:14,Z58.4,Z58.4,18114432106
167,24019614197,129,8,2024-03-11 15:12:01,2024-03-23 15:12:01,M06.2,M06.2,21110456039
168,24076008916,75,5,2024-03-11 21:52:22,2024-03-18 21:52:22,N34,N34,29049732701
169,31084192623,215,15,2024-03-12 12:44:18,2024-03-14 12:44:18,W90,W90,06019165174
170,02056408999,17,1,2024-03-13 11:53:30,2024-03-21 11:53:30,Q40,F20.2,22040585135
171,07025648436,108,7,2024-03-16 10:20:12,2024-03-25 10:20:12,Y87.1,Y87.1,14129831939
172,21119250184,48,3,2024-03-18 12:57:45,2024-03-24 12:57:45,I82.8,A03.0,03057873936
173,08069088885,212,15,2024-03-21 05:36:15,2024-03-25 05:36:15,E23.2,E23.2,31084428740
174,20049280002,122,8,2024-03-22 12:57:18,,K56.2,,06050738238
175,02080605060,47,3,2024-03-22 18:59:32,2024-04-03 18:59:32,M60.1,M60.1,22048608378
176,14038546502,172,12,2024-03-23 07:10:06,,B08.5,,10089737527
177,22047993944,4,1,2024-03-28 17:53:26,2024-04-04 17:53:26,M43.6,M43.6,15049291643
178,23065187182,152,10,2024-03-31 00:43:10,2024-04-04 00:43:10,S09.0,S09.0,18118519593
179,10049749838,169,12,2024-04-01 08:27:06,2024-04-07 08:27:06,F68.0,F68.0,04010443316
180,23119130856,100,6,2024-04-04 00:31:37,2024-04-15 00:31:37,O42.2,S25.8,27099728378
181,15116913619,165,12,2024-04-05 15:24:49,2024-04-08 15:24:49,A00.9,A00.9,09128084347
182,25104926265,190,13,2024-04-05 21:40:39,2024-04-16 21:40:39,T90.1,T90.1,19075521849
183,07025661146,116,7,2024-04-08 15:25:21,2024-04-17 15:25:21,F53.8,F53.8,22040585135
184,22119620547,21,1,2024-04-08 20:52:08,2024-04-13 20:52:08,P35,Z50.0,31084428740
185,24028052131,124,8,2024-04-10 10:58:09,2024-04-21 10:58:09,Y91.3,Y91.3,22040585135
186,14116282450,108,7,2024-04-11 04:30:53,2024-04-23 04:30:53,T45.4,T45.4,15088743388
187,30056253919,163,12,2024-04-18 04:18:01,2024-04-22 04:18:01,J67.2,J67.2,21119438801
188,18076242086,30,2,2024-04-20 22:04:35,2024-04-28 22:04:35,E26.8,E26.8,14024366361
189,02080605060,159,11,2024-04-21 00:08:41,2024-04-24 00:08:41,F20.2,F20.2,22048608378
190,29048725629,85,5,2024-04-21 13:32:59,2024-04-25 13:32:59,D55.9,D55.9,31084428740
191,22065247880,195,13,2024-04-21 18:27:21,2024-05-03 18:27:21,B17,B17,18118519593
192,13070372071,52,3,2024-04-23 11:01:52,2024-04-30 11:01:52,R74.0,P83.4,03037593592
193,06046575583,76,5,2024-04-26 17:24:58,2024-04-29 17:24:58,P24.9,P24.9,26067425558
194,18095314451,151,10,2024-04-29 21:21:23,2024-05-11 21:21:23,Z99.3,Z99.3,16040493179
195,01088695318,131,8,2024-05-03 09:22:36,2024-05-07 09:22:36,D14.3,D14.3,03049296161
196,24026275714,148,10,2024-05-04 09:59:29,2024-05-07 09:59:29,D58.9,D58.9,22040585135
197,25096574054,214,15,2024-05-05 16:38:23,2024-05-14 16:38:23,C91.0,C91.0,06117882147
198,16074369547,103,7,2024-05-05 23:15:29,2024-05-17 23:15:29,N80.2,M08,10089737527
199,17084510025,33,2,2024-05-06 02:15:32,2024-05-16 02:15:32,H26.9,H26.9,19089017616
200,04048854946,199,14,2024-05-17 17:38:34,2024-05-20 17:38:34,M22.8,M22.8,05038348846
201,22119620547,44,2,2024-05-24 19:58:01,2024-05-27 19:58:01,Z74.3,Z74.3,19110834569
202,04027802012,23,1,2024-05-26 20:03:45,2024-06-06 20:03:45,D04,D04,06019165174
203,27088459709,95,6,2024-05-29 01:20:51,2024-06-04 01:20:51,A77.9,A77.9,16068107499
204,20129813159,209,15,2024-05-30 15:31:45,2024-06-03 15:31:45,R19.1,L65,21119438801
205,20057232485,221,15,2024-06-01 22:53:32,2024-06-09 22:53:32,H13.2*,M71.2,24088546021
206,24019614197,80,5,2024-06-02 21:01:56,2024-06-05 21:01:56,Y45.9,Y45.9,24088546021
207,22035062029,83,5,2024-06-03 08:54:52,2024-06-14 08:54:52,T34.6,T34.6,20039794570
208,26105808540,16,1,2024-06-04 13:18:42,2024-06-15 13:18:42,Q77.3,K85,26099895344
209,14055158747,23,1,2024-06-04 19:43:20,2024-06-14 19:43:20,F52,F52,16118595442
210,10088308059,133,8,2024-06-14 20:48:16,2024-06-20 20:48:16,P61.2,P02.0,28026692058
211,27088459709,160,11,2024-06-15 08:52:25,2024-06-22 08:52:25,Y57.3,Y57.3,18020449145
212,22065247880,201,14,2024-06-19 11:19:13,2024-06-22 11:19:13,C50.6,Y73,06126222477
213,18095314451,182,13,2024-06-19 20:55:37,2024-06-21 20:55:37,R45.1,R45.1,07044341149
214,07096944665,41,2,2024-06-21 04:00:38,2024-07-01 04:00:38,M99.0,M99.0,11100467158
215,14024432211,185,13,2024-06-21 23:48:54,2024-06-25 23:48:54,I39.8*,I39.8*,22040585135
216,29078056776,49,3,2024-06-23 17:05:44,2024-06-27 17:05:44,S66.9,S66.9,17019537542
217,17086486097,78,5,2024-06-24 22:18:56,2024-06-30 22:18:56,Y51.1,Y51.1,15089851983
218,16080609722,12,1,2024-06-27 04:41:43,2024-07-04 04:41:43,C71.5,S53.2,21110456039
219,11050658021,179,12,2024-07-01 10:21:12,2024-07-04 10:21:12,R07.2,R07.2,02087077516
220,21088351440,23,1,2024-07-01 17:44:56,2024-07-05 17:44:56,B66.0,B66.0,04010443316
221,02056408999,197,14,2024-07-04 11:05:11,2024-07-13 11:05:11,L28.0,L28.0,18050675294
222,20057232485,101,7,2024-07-05 15:34:25,2024-07-08 15:34:25,M73.0*,M73.0*,18118519593
223,23055868978,139,9,2024-07-08 17:41:57,2024-07-10 17:41:57,D31.2,O11,09050064807
224,20129813159,106,7,2024-07-10 00:15:32,2024-07-17 00:15:32,T30.6,T30.6,18118519593
225,12045364041,81,5,2024-07-12 03:34:33,2024-07-19 03:34:33,K44.1,K05.6,03057873936
226,23028814627,1,1,2024-07-14 01:37:08,2024-07-23 01:37:08,Q33.3,Q33.3,24100569128
227,10127699608,80,5,2024-07-14 11:12:21,2024-07-19 11:12:21,V39.8,V39.8,03057873936
228,22070852133,111,7,2024-07-15 19:19:43,2024-07-25 19:19:43,D82.8,D82.8,19110834569
229,30129389723,76,5,2024-07-17 04:03:56,2024-07-21 04:03:56,P03.4,P03.4,16100868799
230,29048725629,170,12,2024-07-20 07:13:47,2024-07-23 07:13:47,M77.4,M77.4,15049291643
231,24028052131,113,7,2024-07-20 14:24:52,2024-07-23 14:24:52,D17.4,D17.4,05038348846
232,26088900975,38,2,2024-07-22 21:26:03,2024-07-26 21:26:03,I88.8,I88.8,10094598570
233,03014619314,12,1,2024-07-23 23:24:36,2024-08-02 23:24:36,N64.0,N64.0,13119759342
234,30098579446,153,11,2024-08-05 09:20:07,2024-08-12 09:20:07,Q81.8,Q81.8,18020449145
235,25104926265,153,11,2024-08-06 18:21:36,2024-08-10 18:21:36,P52.6,P52.6,18020449145
236,20057771483,158,11,2024-08-08 15:22:15,2024-08-18 15:22:15,S87.0,S87.0,16040493179
237,25124524763,222,15,2024-08-09 04:26:11,2024-08-12 04:26:11,M06.2,M06.2,26099895344
238,14116282450,118,7,2024-08-10 02:06:14,2024-08-15 02:06:14,D17.5,D17.5,06126222477
239,07094810040,153,11,2024-08-10 14:56:45,2024-08-21 14:56:45,J39.2,J39.2,18118519593
240,14055158747,11,1,2024-08-11 21:13:22,2024-08-13 21:13:22,Q26.2,Q26.2,19089017616
241,03087449368,143,9,2024-08-12 10:07:06,2024-08-16 10:07:06,A04.9,A04.9,07034474162
242,12045364041,68,5,2024-08-24 19:25:41,2024-09-05 19:25:41,R52.0,R52.0,13119759342
243,27087797722,222,15,2024-08-25 13:44:18,2024-08-31 13:44:18,M06.0,N64.1,23056691943
244,13034773606,214,15,2024-08-29 14:46:38,2024-09-08 14:46:38,M85.4,M85.4,01024610365
245,26050897250,60,5,2024-09-01 19:27:44,2024-09-06 19:27:44,E76.9,E76.9,06050738238
246,20037111704,124,8,2024-09-04 20:39:45,2024-09-13 20:39:45,C13.9,M95.0,19029051436
247,08118005072,192,13,2024-09-05 09:51:27,2024-09-08 09:51:27,Z82.1,S93.5,21119438801
248,27087797722,151,10,2024-09-08 20:02:15,2024-09-12 20:02:15,M94.2,M94.2,24024429583
249,03085815082,190,13,2024-09-14 07:59:05,2024-09-21 07:59:05,M02,Z41.8,29049732701
250,05098106243,161,12,2024-09-18 17:36:25,2024-09-28 17:36:25,M15.0,M15.0,18060326718
251,22056004139,56,5,2024-09-18 23:30:56,2024-09-26 23:30:56,Z01.4,S44.3,19075521849
252,16099945058,13,1,2024-09-21 17:20:45,2024-10-03 17:20:45,Q01.9,Q01.9,22018235970
253,21088351440,128,8,2024-09-24 02:43:05,2024-09-28 02:43:05,C82.0,C82.0,06126222477
254,20037111704,141,9,2024-09-24 11:31:21,2024-10-02 11:31:21,E78.3,B47.0,17019537542
255,10088308059,75,5,2024-09-29 13:49:13,2024-10-02 13:49:13,Q72.0,Q72.0,08119651767
256,10049749838,32,2,2024-10-03 10:27:22,2024-10-10 10:27:22,J01.0,J01.0,05038348846
257,18066087869,73,5,2024-10-05 12:21:18,2024-10-15 12:21:18,L70,L70,02078042045
258,31108619515,194,13,2024-10-06 14:10:03,2024-10-15 14:10:03,T04.2,T04.2,21017437016
259,23035977126,120,7,2024-10-07 02:37:55,2024-10-12 02:37:55,D64.8,D64.8,28120467810
260,06024508252,137,9,2024-10-07 04:03:06,2024-10-09 04:03:06,E61.4,E61.4,24088546021
261,18068612601,13,1,2024-10-08 12:43:52,2024-10-14 12:43:52,I23.1,I23.1,03056595064
262,29049156103,196,14,2024-10-09 04:11:00,,R22.2,,22120477375
263,25114766832,73,5,2024-10-12 00:38:27,2024-10-16 00:38:27,B30.2,B30.2,15089851983
264,20049280002,96,6,2024-10-14 13:05:50,2024-10-25 13:05:50,B67.4,B67.4,22040585135
265,05076151023,123,8,2024-10-15 11:16:19,2024-10-17 11:16:19,T17.4,T20.3,21119438801
266,22065247880,49,3,2024-10-16 01:45:50,2024-10-28 01:45:50,E84,E84,07044341149
267,27100139422,7,1,2024-10-23 19:07:20,,D60,,20039794570
268,26118866522,151,10,2024-10-24 05:40:24,,B39.2,,03056595064
269,30088959779,66,5,2024-10-26 11:52:58,2024-10-30 11:52:58,M71.3,L53.3,23026866049
270,20049280002,49,3,2024-10-27 17:44:32,,N91.4,,19029051436
271,17024116047,104,7,2024-10-31 05:18:22,2024-11-06 05:18:22,A17.1+,K71.6,19075521849
272,23055868978,177,12,2024-11-03 05:24:46,2024-11-13 05:24:46,R15,R15,04025648413
273,19025178439,201,14,2024-11-07 08:41:06,2024-11-14 08:41:06,R25.0,R25.0,02030634060
274,28026488250,77,5,2024-11-07 11:11:17,2024-11-18 11:11:17,O46.8,O46.8,23026866049
275,20050616601,89,6,2024-11-07 14:52:19,2024-11-14 14:52:19,S02.5,S86.8,08119651767
276,31057446403,191,13,2024-11-09 08:59:06,2024-11-21 08:59:06,K66.9,K66.9,06126222477
277,18068612601,78,5,2024-11-10 01:32:41,2024-11-15 01:32:41,C04.8,C04.8,19029051436
278,27018846643,194,13,2024-11-11 08:39:00,2024-11-16 08:39:00,J67.3,J67.3,13060666813
279,28087700496,102,7,2024-11-17 03:14:47,2024-11-26 03:14:47,F92.0,F92.0,16068107499
280,10088308059,186,13,2024-11-18 10:41:01,2024-11-21 10:41:01,Z09,Z09,13119759342
281,22119620547,220,15,2024-11-23 22:49:57,2024-11-26 22:49:57,Q75,Q75,17075032006
282,31108619515,166,12,2024-11-28 18:33:47,2024-12-04 18:33:47,Z48.9,Z48.9,03056595064
283,20050616601,138,9,2024-12-02 16:36:50,2024-12-09 16:36:50,M15.0,M15.0,15089851983
284,24104247444,20,1,2024-12-05 21:15:22,2024-12-15 21:15:22,B45,B45,11087946135
285,13076696064,172,12,2024-12-12 03:20:18,2024-12-16 03:20:18,Y50.9,L57.9,16068589382
286,21080066006,135,8,2024-12-13 08:33:20,2024-12-22 08:33:20,Z93.5,A77.1,01024610365
287,23035977126,123,8,2024-12-19 02:30:42,2024-12-26 02:30:42,R26.0,R26.0,01090729354
288,28055492211,1,1,2024-12-19 16:20:15,2024-12-24 16:20:15,V19.4,V19.4,01024610365
289,24096114298,108,7,2024-12-19 20:45:03,2024-12-29 20:45:03,H50.0,X88,21017437016
290,21088351440,100,6,2024-12-24 10:18:22,2025-01-05 10:18:22,T26.7,T26.7,03056595064
291,17084510025,181,13,2024-12-29 04:54:02,2025-01-07 04:54:02,K45.1,K45.1,02078042045
292,03080887989,65,5,2025-01-10 09:58:59,2025-01-22 09:58:59,T13.0,T13.0,19029051436
293,18095314451,160,11,2025-01-10 19:59:25,2025-01-14 19:59:25,O74.3,O74.3,03049296161
294,13070372071,21,1,2025-01-26 15:15:02,2025-02-07 15:15:02,C41.2,C41.2,22040585135
295,02045315571,169,12,2025-01-28 06:19:29,2025-02-08 06:19:29,Y36.5,Y36.5,27099728378
296,19117605737,167,12,2025-01-30 20:42:30,2025-02-01 20:42:30,R25.3,R25.3,03049296161
297,25114766832,139,9,2025-02-01 08:31:37,2025-02-08 08:31:37,M70.7,M70.7,06126222477
298,25108236524,110,7,2025-02-02 23:50:21,2025-02-08 23:50:21,T47.8,G36,15124501431
299,21088351440,206,14,2025-02-04 03:36:13,2025-02-10 03:36:13,A67.2,A67.2,09066167650
300,23106760849,73,5,2025-02-08 08:35:41,2025-02-13 08:35:41,D27,P78.9,04025648413
301,28085673440,47,3,2025-02-17 17:18:47,2025-02-27 17:18:47,P71.0,S39.0,07044341149
302,01027315996,77,5,2025-02-20 01:54:01,2025-02-24 01:54:01,B00.9,B00.9,28026692058
303,03087449368,46,3,2025-02-23 06:06:28,2025-02-25 06:06:28,I87.9,I87.9,17075032006
304,03080887989,63,5,2025-02-23 15:50:47,2025-03-04 15:50:47,M86.8,M86.8,08119651767
305,30056253919,141,9,2025-02-27 04:53:47,2025-03-03 04:53:47,F34.1,F34.1,29049732701
306,14038546502,191,13,2025-02-27 20:19:00,2025-03-08 20:19:00,A15,A15,11087946135
307,16099945058,162,12,2025-03-03 05:11:18,2025-03-10 05:11:18,Z89.4,Z89.4,13060666813
308,06060868993,195,13,2025-03-05 01:25:34,2025-03-14 01:25:34,C65,C65,09066167650
309,23076302310,8,1,2025-03-09 08:27:17,2025-03-12 08:27:17,G91.0,G91.0,22115865680
310,13070372071,111,7,2025-03-14 08:38:40,2025-03-21 08:38:40,H42.0*,B38.2,15124501431
311,11108472772,161,12,2025-03-14 10:02:04,2025-03-18 10:02:04,B33,B33,21119438801
312,22047993944,14,1,2025-03-16 03:58:58,2025-03-24 03:58:58,J17.0*,J17.0*,13119759342
313,08039585346,92,6,2025-03-18 19:15:33,2025-03-21 19:15:33,E50.3,E50.3,22120477375
314,14024432211,17,1,2025-03-19 01:16:36,2025-03-27 01:16:36,L74.0,L74.0,10089737527
315,27018846643,187,13,2025-03-20 18:06:52,2025-03-31 18:06:52,K41.0,K41.0,16118595442
316,27028422314,211,15,2025-03-26 16:51:02,2025-04-06 16:51:02,E01.1,E01.1,28026692058
317,27087797722,84,5,2025-03-28 10:24:33,2025-03-30 10:24:33,K14.9,K14.9,23056691943
318,30069682579,18,1,2025-03-31 15:22:17,2025-04-08 15:22:17,P29.3,P29.3,23026866049
319,17084510025,59,5,2025-04-01 10:01:42,2025-04-13 10:01:42,I24,I24,17075032006
320,14055158747,142,9,2025-04-04 07:07:37,2025-04-07 07:07:37,D28,D28,05068650481
321,12059650695,66,5,2025-04-04 18:25:41,2025-04-10 18:25:41,C53.9,C53.9,11087946135
322,09087148284,13,1,2025-04-09 09:57:29,2025-04-14 09:57:29,N98.2,N98.2,16118595442
323,25109186486,56,5,2025-04-11 13:02:27,2025-04-21 13:02:27,M79.0,M79.0,02030634060
324,16099945058,155,11,2025-04-12 01:36:06,2025-04-20 01:36:06,S45.1,S45.1,29109569303
325,11108472772,4,1,2025-04-12 16:32:26,2025-04-14 16:32:26,Q21.2,Q21.2,15089851983
326,19080401685,99,6,2025-04-15 11:51:20,2025-04-22 11:51:20,F00.2*,S23,02030634060
327,02024157190,79,5,2025-04-15 16:42:41,2025-04-25 16:42:41,Z89,Z89,23056691943
328,11036301026,217,15,2025-04-15 20:51:34,2025-04-21 20:51:34,V97.1,V97.1,06019165174
329,17089610796,213,15,2025-04-19 15:47:55,2025-04-23 15:47:55,N82.2,N82.2,11087946135
330,25096574054,158,11,2025-04-24 03:08:22,2025-05-01 03:08:22,S72.4,I61.0,07109876453
331,26118866522,156,11,2025-04-29 03:29:40,2025-05-02 03:29:40,Q62.1,Q62.1,18020449145
332,26050897250,54,3,2025-04-29 13:19:20,2025-05-07 13:19:20,D70,D70,16068589382
333,24026275714,52,3,2025-04-30 07:50:35,2025-05-12 07:50:35,R30.1,R30.1,09045928947
334,14074225756,162,12,2025-05-05 11:43:39,2025-05-09 11:43:39,E78,E78,21017437016
335,28110356536,181,13,2025-05-06 21:09:54,2025-05-14 21:09:54,M84.9,M84.9,29049732701
336,16014472825,120,7,2025-05-07 16:22:00,2025-05-09 16:22:00,O69.4,O69.4,08088799158
337,30088959779,171,12,2025-05-09 10:40:20,2025-05-15 10:40:20,S05.0,S05.0,15124501431
338,15116913619,84,5,2025-05-10 06:28:08,2025-05-16 06:28:08,D41.0,D41.0,01090729354
339,29089535168,153,11,2025-05-11 15:38:57,2025-05-19 15:38:57,S94.8,S94.8,19089017616
340,03080887989,51,3,2025-05-12 13:50:00,2025-05-24 13:50:00,S15.9,S15.9,15088743388
341,16014472825,176,12,2025-05-15 11:05:14,2025-05-27 11:05:14,S66.9,S66.9,09045928947
342,09026562599,87,6,2025-05-17 20:32:32,2025-05-28 20:32:32,C76.2,C76.2,07044341149
343,08046122018,151,10,2025-05-19 12:19:14,2025-05-24 12:19:14,C70.9,C70.9,16068589382
344,20075682599,5,1,2025-05-23 00:11:23,2025-05-31 00:11:23,C46.2,C46.2,09050064807
345,28125858451,148,10,2025-05-29 23:18:38,2025-06-03 23:18:38,Q03.1,Q03.1,22115865680
346,25124524763,136,9,2025-06-04 23:02:39,2025-06-07 23:02:39,K80.4,K80.4,23026866049
347,19080401685,98,6,2025-06-06 04:49:19,2025-06-09 04:49:19,F45.3,F45.3,11087946135
348,03080887989,56,5,2025-06-06 11:02:12,2025-06-16 11:02:12,V89.9,V89.9,24100569128
349,20057771483,125,8,2025-06-13 17:42:42,2025-06-15 17:42:42,V82.9,V82.9,17078627586
350,06060868993,119,7,2025-06-18 22:25:18,2025-06-29 22:25:18,W55,W55,18050675294
351,02045315571,55,3,2025-06-19 06:28:58,2025-06-26 06:28:58,M54.1,H51.8,06126222477
352,14024432211,137,9,2025-06-20 20:10:05,2025-06-24 20:10:05,A82.9,A82.9,23056691943
353,24104247444,20,1,2025-06-21 14:35:49,2025-06-28 14:35:49,S89.9,S89.9,03057873936
354,25110455645,218,15,2025-06-23 04:09:58,2025-07-05 04:09:58,F98.2,F98.2,02030634060
355,01078093778,125,8,2025-06-23 13:48:40,2025-07-03 13:48:40,H90.0,H90.0,07100156298
356,18068612601,99,6,2025-06-26 03:17:26,2025-07-04 03:17:26,H17.8,H17.8,15124501431
357,27087797722,178,12,2025-06-27 22:47:48,2025-06-30 22:47:48,Q78.9,Q78.9,09128084347
358,03080887989,73,5,2025-06-28 05:56:17,2025-07-04 05:56:17,S25.3,S25.3,15049291643
359,25110455645,174,12,2025-06-29 20:18:54,2025-07-11 20:18:54,Y42.4,Y42.4,10089737527
360,24054813176,77,5,2025-06-30 21:20:18,2025-07-04 21:20:18,S24.1,S24.1,06050738238
361,28035274397,184,13,2025-07-02 23:31:23,2025-07-09 23:31:23,R27,R27,17019537542
362,27060840942,64,5,2025-07-03 05:54:43,2025-07-14 05:54:43,H74.9,H74.9,14129831939
363,29048725629,125,8,2025-07-05 18:29:46,2025-07-08 18:29:46,E20.8,E20.8,18060326718
364,28125858451,196,14,2025-07-11 23:03:55,2025-07-21 23:03:55,B27.1,B27.1,24100569128
365,07025648436,155,11,2025-07-13 04:01:08,2025-07-19 04:01:08,Y48.1,Y48.1,14024366361
366,18040500492,53,3,2025-07-13 17:08:15,2025-07-25 17:08:15,L40.3,L40.3,27099728378
367,24064249347,61,5,2025-07-14 07:01:34,2025-07-26 07:01:34,F53.1,F53.1,02030634060
368,11050658021,185,13,2025-07-19 12:33:01,2025-07-23 12:33:01,G51.1,G51.1,16100868799
369,03087449368,222,15,2025-07-21 09:36:12,2025-08-02 09:36:12,Z93.3,B96.7,17078627586
370,23126536791,147,9,2025-07-23 21:48:32,2025-07-28 21:48:32,G30.8,J44.0,26099895344
371,29048725629,59,5,2025-07-26 03:54:03,2025-08-01 03:54:03,E05.8,Y54.4,18050675294
372,18076242086,59,5,2025-07-26 11:01:20,2025-08-02 11:01:20,A67.3,A67.3,27099728378
373,26026036012,41,2,2025-07-26 22:25:55,,J70.1,,01024610365
374,12045364041,197,14,2025-07-28 10:56:40,2025-08-02 10:56:40,G47.2,G47.2,04025648413
375,24116938524,35,2,2025-08-02 09:13:09,2025-08-07 09:13:09,I72.8,I72.8,24100569128
376,20057771483,116,7,2025-08-03 16:55:13,2025-08-10 16:55:13,S00.9,S00.9,18060326718
377,04044756842,96,6,2025-08-08 10:57:24,2025-08-13 10:57:24,G08,G08,26099895344
378,19067311901,33,2,2025-08-08 23:31:36,2025-08-15 23:31:36,C88.9,C88.9,19029051436
379,02060181890,45,2,2025-08-10 18:02:59,2025-08-12 18:02:59,J39.1,J39.1,01024610365
380,03065174291,121,8,2025-08-13 09:08:58,2025-08-18 09:08:58,I66,I66,04010443316
381,03080887989,111,7,2025-08-14 20:06:01,2025-08-25 20:06:01,D15.1,D15.1,28026692058
382,27114223727,111,7,2025-08-15 21:00:48,2025-08-24 21:00:48,L20.0,L20.0,02087077516
383,29048725629,195,13,2025-08-17 17:22:43,2025-08-23 17:22:43,E76.9,E76.9,16068107499
384,29058365375,120,7,2025-08-20 05:13:16,2025-08-23 05:13:16,S92.2,S92.2,28120467810
385,13036533562,203,14,2025-08-20 15:03:45,2025-08-22 15:03:45,D01.5,D01.5,08088799158
386,08039389744,102,7,2025-08-31 06:31:44,2025-09-03 06:31:44,I63,I63,17078627586
387,14116282450,146,9,2025-09-07 09:13:48,2025-09-15 09:13:48,H74.0,H74.0,16040493179
388,09074937223,218,15,2025-09-09 23:58:36,2025-09-21 23:58:36,A24,A24,28120467810
389,14116282450,56,5,2025-09-19 10:18:37,2025-09-22 10:18:37,B20.6,B20.6,11100467158
390,23126536791,126,8,2025-09-22 10:55:00,2025-09-25 10:55:00,A80,A80,19110834569
391,27088459709,79,5,2025-09-24 00:33:21,2025-10-04 00:33:21,Z94.7,Z94.7,08088799158
392,08039585346,84,5,2025-09-26 02:28:42,2025-10-08 02:28:42,I66.4,I66.4,09066167650
393,18068612601,138,9,2025-09-29 13:08:12,2025-10-08 13:08:12,K31.4,K31.4,27099728378
394,12045364041,4,1,2025-09-29 16:22:29,2025-10-11 16:22:29,A23.3,E85,04010443316
395,24116938524,171,12,2025-10-13 15:57:53,,A85.8,,21017437016
396,18095314451,75,5,2025-10-13 19:34:05,2025-10-21 19:34:05,Y42.7,Y42.7,11100467158
397,13036533562,218,15,2025-10-15 16:28:11,2025-10-18 16:28:11,V29.0,V29.0,19089017616
398,10127699608,188,13,2025-10-15 17:10:11,2025-10-23 17:10:11,N89.5,S29.7,26067425558
399,24064249347,31,2,2025-10-20 14:11:42,2025-10-24 14:11:42,S83.1,S83.1,14024366361
400,22035062029,158,11,2025-10-26 08:28:30,2025-11-06 08:28:30,R68.8,R68.8,07109876453
401,23035977126,144,9,2025-10-31 17:51:38,2025-11-08 17:51:38,A23.8,A23.8,03057873936
402,10049749838,181,13,2025-11-01 18:24:31,2025-11-11 18:24:31,F50.4,F50.4,07044341149
403,07025648436,154,11,2025-11-03 04:11:30,2025-11-14 04:11:30,O32.3,O32.3,02087077516
404,30069682579,59,5,2025-11-03 22:10:46,2025-11-08 22:10:46,C53.8,C53.8,19075521849
405,28026488250,100,6,2025-11-06 20:32:14,2025-11-13 20:32:14,H44.8,H44.8,28120467810
406,23028814627,171,12,2025-11-08 17:50:09,2025-11-14 17:50:09,G71.8,G71.8,22048608378
407,20049280002,183,13,2025-11-14 10:19:53,2025-11-16 10:19:53,T92.3,T92.3,18060326718
408,20049280002,9,1,2025-11-20 18:02:49,2025-11-29 18:02:49,F32.9,Z63.7,19089017616
409,23035977126,135,8,2025-11-23 23:21:26,2025-12-05 23:21:26,I20,I20,05068650481
410,14038546502,50,3,2025-11-25 16:29:55,2025-11-28 16:29:55,N49.8,N49.8,16118595442
411,22056004139,151,10,2025-11-30 18:54:59,2025-12-07 18:54:59,M20.6,M20.6,19029051436
412,24026275714,6,1,2025-12-05 16:09:43,2025-12-16 16:09:43,Z97.8,Z97.8,05038348846
413,09087148284,171,12,2025-12-09 21:56:51,2025-12-17 21:56:51,E22.0,E22.0,23056691943
414,08069088885,66,5,2025-12-10 18:50:45,2025-12-21 18:50:45,G03,H21.0,23056691943
415,16099945058,1,1,2025-12-14 20:32:01,2025-12-23 20:32:01,T92,R45.5,07044341149
416,19125793215,194,13,2025-12-16 09:21:54,2025-12-23 09:21:54,A64,A64,06019165174
417,10127699608,45,2,2025-12-21 04:31:37,2025-12-29 04:31:37,Y52.2,Y52.2,02078042045
418,04037844317,191,13,2025-12-26 03:22:24,2025-12-28 03:22:24,T21.2,T21.2,09050064807
419,02045315571,80,5,2025-12-26 12:14:44,2026-01-04 12:14:44,H26.0,H26.0,05068650481
420,09025524525,25,1,2025-12-30 03:18:31,2026-01-07 03:18:31,S21,S21,22115865680
421,24100534776,20,1,2025-12-30 13:04:46,2026-01-07 13:04:46,M70.9,M70.9,23026866049
422,27060840942,8,1,2026-01-08 06:50:03,2026-01-16 06:50:03,T28.8,T28.8,11087946135
423,14024432211,72,5,2026-01-18 20:53:13,,R30.0,,02087077516
424,01078093778,191,13,2026-01-18 21:21:04,2026-01-21 21:21:04,A03.1,P28.4,21119438801
425,24064249347,101,7,2026-01-20 19:22:06,2026-01-28 19:22:06,C18.1,C18.1,06117882147
426,14055158747,204,14,2026-01-21 12:43:11,2026-01-23 12:43:11,Q93.7,Q93.7,18060326718
427,05110633308,78,5,2026-01-22 16:16:11,2026-02-03 16:16:11,M87.3,M87.3,16100868799
428,30088959779,147,9,2026-01-30 18:26:10,2026-02-07 18:26:10,I28.0,I28.0,08088799158
429,21096212974,139,9,2026-02-03 00:52:48,2026-02-06 00:52:48,Z27.4,Z27.4,15049291643
430,27060840942,199,14,2026-02-05 06:59:20,2026-02-15 06:59:20,S28.1,S28.1,15089851983
431,13070372071,143,9,2026-02-05 09:15:44,2026-02-09 09:15:44,Z93,Z93,03049296161
432,24026275714,127,8,2026-02-11 10:16:05,2026-02-16 10:16:05,C57.3,C57.3,18114432106
433,27087797722,136,9,2026-02-12 01:38:16,2026-02-24 01:38:16,E78,E78,07100156298
434,24076008916,74,5,2026-02-16 11:05:40,2026-02-25 11:05:40,M51.9,M51.9,07034474162
435,03080887989,2,1,2026-02-16 22:34:44,2026-02-20 22:34:44,D80.9,D80.9,28120467810
436,12016289283,164,12,2026-02-23 23:52:43,2026-03-03 23:52:43,B74.0,B74.0,11100467158
437,04044756842,27,2,2026-02-25 15:22:06,2026-03-04 15:22:06,L23.6,L23.6,16068589382
438,18026581848,82,5,2026-03-08 20:57:35,2026-03-20 20:57:35,J01.1,J01.1,08119651767
439,26026036012,31,2,2026-03-09 04:21:18,2026-03-13 04:21:18,G04.1,E29.9,18050675294
440,16080609722,201,14,2026-03-09 10:03:49,,M50.1,,02078042045
441,11018863136,213,15,2026-03-11 07:31:00,2026-03-14 07:31:00,R48.0,R48.0,28026692058
442,21096212974,190,13,2026-03-11 10:15:00,2026-03-13 10:15:00,V85.7,V85.7,22115865680
443,05098106243,158,11,2026-03-16 06:49:35,2026-03-23 06:49:35,T80.2,T80.2,15088743388
444,26105808540,25,1,2026-03-23 22:43:46,2026-03-30 22:43:46,T40.9,T40.9,20039794570
445,28026488250,182,13,2026-03-27 14:54:29,2026-04-08 14:54:29,Z51.1,Z51.1,18050675294
446,22070852133,149,10,2026-03-31 01:57:04,2026-04-04 01:57:04,D35.6,Q11.0,02078042045
447,05076151023,27,2,2026-03-31 20:46:10,2026-04-06 20:46:10,R04.0,R04.0,22115865680
448,16099945058,77,5,2026-04-01 07:46:11,2026-04-10 07:46:11,W27,W27,02087077516
449,25124524763,60,5,2026-04-01 13:20:43,2026-04-04 13:20:43,S55.8,S02.2,16100868799
450,21080066006,199,14,2026-04-09 16:28:01,2026-04-16 16:28:01,C51.8,C51.8,23028627654
451,26118866522,58,5,2026-04-11 04:05:32,2026-04-20 04:05:32,P51.0,H04.9,13060666813
452,29089535168,88,6,2026-04-11 05:31:15,2026-04-23 05:31:15,Y46.7,Y46.7,22040585135
453,10117245649,163,12,2026-04-16 03:05:11,2026-04-23 03:05:11,T40.9,T40.9,16100868799
454,04044756842,67,5,2026-04-22 02:28:23,2026-04-29 02:28:23,F93.8,F93.8,08088799158
455,13076696064,128,8,2026-04-23 00:03:12,2026-04-26 00:03:12,W13,W13,10089737527
456,28127165521,221,15,2026-04-24 10:11:02,2026-04-27 10:11:02,G60.1,G60.1,04010443316
457,25109186486,170,12,2026-04-26 07:07:25,2026-04-30 07:07:25,A23.1,A23.1,24024429583
458,09087148284,8,1,2026-04-29 18:17:23,2026-05-01 18:17:23,H91,H91,04010443316
459,12045364041,155,11,2024-07-12 03:34:33,2024-07-14 03:34:33,S00.3,S00.3,06050738238
460,26050897250,144,9,2024-09-01 19:27:44,2024-09-12 19:27:44,I72.8,I72.8,01024610365
461,02080605060,112,7,2024-04-21 00:08:41,2024-04-28 00:08:41,M81.2,P12.1,27099728378
462,23106760849,200,14,2025-02-08 08:35:41,2025-02-15 08:35:41,B55,B55,15089851983
463,08046122018,72,5,2025-05-19 12:19:14,2025-05-26 12:19:14,H91.1,G51.2,16068107499
464,23035977126,99,6,2024-10-07 02:37:55,2024-10-14 02:37:55,D25,D25,14024366361
465,14038546502,120,7,2025-02-27 20:19:00,2025-03-10 20:19:00,D01.2,D01.2,21110456039
466,21096212974,46,3,2026-02-03 00:52:48,2026-02-07 00:52:48,C18.7,C18.7,16118595442
467,13070372071,83,5,2024-04-23 11:01:52,2024-04-27 11:01:52,N80.3,N80.3,11087946135
468,19025178439,30,2,2024-11-07 08:41:06,2024-11-11 08:41:06,G23.9,G23.9,22018235970
469,28125858451,79,5,2025-05-29 23:18:38,2025-06-01 23:18:38,M03.0*,M03.0*,22048608378
470,08058909862,207,14,2023-02-18 10:44:20,2023-02-27 10:44:20,R73.0,R73.0,18118519593
471,08118005072,99,6,2023-05-02 12:32:42,2023-05-11 12:32:42,L55.2,L55.2,09050064807
472,29048725629,59,5,2024-07-20 07:13:47,2024-07-25 07:13:47,Y31,Y31,09045928947
473,29048725629,58,5,2025-07-26 03:54:03,2025-08-05 03:54:03,M49.1*,M49.1*,17019537542
474,27114223727,86,6,2023-12-24 07:54:38,2024-01-05 07:54:38,H26.9,H26.9,09066167650
475,19080401685,92,6,2024-01-26 22:25:53,2024-02-07 22:25:53,T55,T55,18050675294
476,06060868993,151,10,2025-03-05 01:25:34,2025-03-16 01:25:34,X06,X06,07034474162
477,10117245649,121,8,2026-04-16 03:05:11,2026-04-20 03:05:11,E85.9,E85.9,22040585135
478,08058909862,46,3,2023-02-18 10:44:20,2023-02-26 10:44:20,H42.8*,H42.8*,16100868799
479,31057446403,166,12,2024-01-20 23:26:27,2024-01-29 23:26:27,D01.5,D01.5,18114432106
480,19080401685,206,14,2024-01-26 22:25:53,2024-02-03 22:25:53,K38,K38,24024429583
481,22047993944,214,15,2023-06-03 14:06:41,2023-06-14 14:06:41,H30.9,H30.9,24088546021
482,20049280002,219,15,2025-11-20 18:02:49,2025-11-26 18:02:49,L92,E27.3,22040585135
483,13076696064,196,14,2023-12-08 15:40:22,2023-12-11 15:40:22,G04.2,G04.2,21110456039
484,26105808540,218,15,2024-02-15 10:31:24,2024-02-23 10:31:24,B23.0,B23.0,13119759342
485,16080609722,122,8,2026-03-09 10:03:49,2026-03-14 10:03:49,O62.0,O62.0,08088799158
486,08118005072,25,1,2024-09-05 09:51:27,2024-09-08 09:51:27,Q60.5,Q60.5,01090729354
487,21047422567,218,15,2023-10-07 16:58:14,2023-10-16 16:58:14,T00.1,T00.1,07034474162
488,14116282450,194,13,2024-08-10 02:06:14,2024-08-16 02:06:14,Q10.2,D22.5,16118595442
489,18066087869,55,3,2024-10-05 12:21:18,2024-10-08 12:21:18,T84.3,T84.3,15088743388
490,25109186486,214,15,2025-04-11 13:02:27,2025-04-16 13:02:27,I51.7,I51.7,16118595442
491,31057446403,147,9,2023-12-30 01:31:34,2024-01-11 01:31:34,C79.8,C79.8,18050675294
492,16099945058,66,5,2025-03-03 05:11:18,2025-03-05 05:11:18,K42.0,V19.4,19110834569
493,26118866522,122,8,2026-04-11 04:05:32,,B52,,03057873936
494,12059650695,168,12,2025-04-04 18:25:41,2025-04-08 18:25:41,W11,W11,23026866049
495,27087797722,141,9,2025-06-27 22:47:48,2025-07-03 22:47:48,T14.7,T14.7,02030634060
496,23035977126,151,10,2024-12-19 02:30:42,2024-12-22 02:30:42,Z70.2,Z70.2,06126222477
497,02080605060,95,6,2024-04-21 00:08:41,2024-04-23 00:08:41,P04.3,R57.8,18118519593
498,19125793215,103,7,2025-12-16 09:21:54,2025-12-18 09:21:54,M86.4,M86.4,17075032006
499,24116938524,75,5,2025-10-13 15:57:53,2025-10-20 15:57:53,S37.1,K70.3,26099895344
500,23106760849,204,14,2023-05-31 13:32:24,2023-06-03 13:32:24,D30.2,D30.2,03049296161
