id_vardias,id_tmhmatos,hmeromhnia,typos_vardias
1,1,2026-06-01,Πρωινή
2,1,2026-06-01,Απογευματινή
3,1,2026-06-01,Νυχτερινή
4,2,2026-06-01,Πρωινή
5,2,2026-06-01,Απογευματινή
6,2,2026-06-01,Νυχτερινή
7,3,2026-06-01,Πρωινή
8,3,2026-06-01,Απογευματινή
9,3,2026-06-01,Νυχτερινή
10,4,2026-06-01,Πρωινή
11,4,2026-06-01,Απογευματινή
12,4,2026-06-01,Νυχτερινή
13,5,2026-06-01,Πρωινή
14,5,2026-06-01,Απογευματινή
15,5,2026-06-01,Νυχτερινή
16,6,2026-06-01,Πρωινή
17,6,2026-06-01,Απογευματινή
18,6,2026-06-01,Νυχτερινή
19,7,2026-06-01,Πρωινή
20,7,2026-06-01,Απογευματινή
21,7,2026-06-01,Νυχτερινή
22,8,2026-06-01,Πρωινή
23,8,2026-06-01,Απογευματινή
24,8,2026-06-01,Νυχτερινή
25,9,2026-06-01,Πρωινή
26,9,2026-06-01,Απογευματινή
27,9,2026-06-01,Νυχτερινή
28,10,2026-06-01,Πρωινή
29,10,2026-06-01,Απογευματινή
30,10,2026-06-01,Νυχτερινή
31,11,2026-06-01,Πρωινή
32,11,2026-06-01,Απογευματινή
33,11,2026-06-01,Νυχτερινή
34,12,2026-06-01,Πρωινή
35,12,2026-06-01,Απογευματινή
36,12,2026-06-01,Νυχτερινή
37,13,2026-06-01,Πρωινή
38,13,2026-06-01,Απογευματινή
39,13,2026-06-01,Νυχτερινή
40,14,2026-06-01,Πρωινή
41,14,2026-06-01,Απογευματινή
42,14,2026-06-01,Νυχτερινή
43,15,2026-06-01,Πρωινή
44,15,2026-06-01,Απογευματινή
45,15,2026-06-01,Νυχτερινή
46,1,2026-06-02,Πρωινή
47,1,2026-06-02,Απογευματινή
48,1,2026-06-02,Νυχτερινή
49,2,2026-06-02,Πρωινή
50,2,2026-06-02,Απογευματινή
51,2,2026-06-02,Νυχτερινή
52,3,2026-06-02,Πρωινή
53,3,2026-06-02,Απογευματινή
54,3,2026-06-02,Νυχτερινή
55,4,2026-06-02,Πρωινή
56,4,2026-06-02,Απογευματινή
57,4,2026-06-02,Νυχτερινή
58,5,2026-06-02,Πρωινή
59,5,2026-06-02,Απογευματινή
60,5,2026-06-02,Νυχτερινή
61,6,2026-06-02,Πρωινή
62,6,2026-06-02,Απογευματινή
63,6,2026-06-02,Νυχτερινή
64,7,2026-06-02,Πρωινή
65,7,2026-06-02,Απογευματινή
66,7,2026-06-02,Νυχτερινή
67,8,2026-06-02,Πρωινή
68,8,2026-06-02,Απογευματινή
69,8,2026-06-02,Νυχτερινή
70,9,2026-06-02,Πρωινή
71,9,2026-06-02,Απογευματινή
72,9,2026-06-02,Νυχτερινή
73,10,2026-06-02,Πρωινή
74,10,2026-06-02,Απογευματινή
75,10,2026-06-02,Νυχτερινή
76,11,2026-06-02,Πρωινή
77,11,2026-06-02,Απογευματινή
78,11,2026-06-02,Νυχτερινή
79,12,2026-06-02,Πρωινή
80,12,2026-06-02,Απογευματινή
81,12,2026-06-02,Νυχτερινή
82,13,2026-06-02,Πρωινή
83,13,2026-06-02,Απογευματινή
84,13,2026-06-02,Νυχτερινή
85,14,2026-06-02,Πρωινή
86,14,2026-06-02,Απογευματινή
87,14,2026-06-02,Νυχτερινή
88,15,2026-06-02,Πρωινή
89,15,2026-06-02,Απογευματινή
90,15,2026-06-02,Νυχτερινή
91,1,2026-06-03,Πρωινή
92,1,2026-06-03,Απογευματινή
93,1,2026-06-03,Νυχτερινή
94,2,2026-06-03,Πρωινή
95,2,2026-06-03,Απογευματινή
96,2,2026-06-03,Νυχτερινή
97,3,2026-06-03,Πρωινή
98,3,2026-06-03,Απογευματινή
99,3,2026-06-03,Νυχτερινή
100,4,2026-06-03,Πρωινή
101,4,2026-06-03,Απογευματινή
102,4,2026-06-03,Νυχτερινή
103,5,2026-06-03,Πρωινή
104,5,2026-06-03,Απογευματινή
105,5,2026-06-03,Νυχτερινή
106,6,2026-06-03,Πρωινή
107,6,2026-06-03,Απογευματινή
108,6,2026-06-03,Νυχτερινή
109,7,2026-06-03,Πρωινή
110,7,2026-06-03,Απογευματινή
111,7,2026-06-03,Νυχτερινή
112,8,2026-06-03,Πρωινή
113,8,2026-06-03,Απογευματινή
114,8,2026-06-03,Νυχτερινή
115,9,2026-06-03,Πρωινή
116,9,2026-06-03,Απογευματινή
117,9,2026-06-03,Νυχτερινή
118,10,2026-06-03,Πρωινή
119,10,2026-06-03,Απογευματινή
120,10,2026-06-03,Νυχτερινή
121,11,2026-06-03,Πρωινή
122,11,2026-06-03,Απογευματινή
123,11,2026-06-03,Νυχτερινή
124,12,2026-06-03,Πρωινή
125,12,2026-06-03,Απογευματινή
126,12,2026-06-03,Νυχτερινή
127,13,2026-06-03,Πρωινή
128,13,2026-06-03,Απογευματινή
129,13,2026-06-03,Νυχτερινή
130,14,2026-06-03,Πρωινή
131,14,2026-06-03,Απογευματινή
132,14,2026-06-03,Νυχτερινή
133,15,2026-06-03,Πρωινή
134,15,2026-06-03,Απογευματινή
135,15,2026-06-03,Νυχτερινή
136,1,2026-06-04,Πρωινή
137,1,2026-06-04,Απογευματινή
138,1,2026-06-04,Νυχτερινή
139,2,2026-06-04,Πρωινή
140,2,2026-06-04,Απογευματινή
141,2,2026-06-04,Νυχτερινή
142,3,2026-06-04,Πρωινή
143,3,2026-06-04,Απογευματινή
144,3,2026-06-04,Νυχτερινή
145,4,2026-06-04,Πρωινή
146,4,2026-06-04,Απογευματινή
147,4,2026-06-04,Νυχτερινή
148,5,2026-06-04,Πρωινή
149,5,2026-06-04,Απογευματινή
150,5,2026-06-04,Νυχτερινή
151,6,2026-06-04,Πρωινή
152,6,2026-06-04,Απογευματινή
153,6,2026-06-04,Νυχτερινή
154,7,2026-06-04,Πρωινή
155,7,2026-06-04,Απογευματινή
156,7,2026-06-04,Νυχτερινή
157,8,2026-06-04,Πρωινή
158,8,2026-06-04,Απογευματινή
159,8,2026-06-04,Νυχτερινή
160,9,2026-06-04,Πρωινή
161,9,2026-06-04,Απογευματινή
162,9,2026-06-04,Νυχτερινή
163,10,2026-06-04,Πρωινή
164,10,2026-06-04,Απογευματινή
165,10,2026-06-04,Νυχτερινή
166,11,2026-06-04,Πρωινή
167,11,2026-06-04,Απογευματινή
168,11,2026-06-04,Νυχτερινή
169,12,2026-06-04,Πρωινή
170,12,2026-06-04,Απογευματινή
171,12,2026-06-04,Νυχτερινή
172,13,2026-06-04,Πρωινή
173,13,2026-06-04,Απογευματινή
174,13,2026-06-04,Νυχτερινή
175,14,2026-06-04,Πρωινή
176,14,2026-06-04,Απογευματινή
177,14,2026-06-04,Νυχτερινή
178,15,2026-06-04,Πρωινή
179,15,2026-06-04,Απογευματινή
180,15,2026-06-04,Νυχτερινή
181,1,2026-06-05,Πρωινή
182,1,2026-06-05,Απογευματινή
183,1,2026-06-05,Νυχτερινή
184,2,2026-06-05,Πρωινή
185,2,2026-06-05,Απογευματινή
186,2,2026-06-05,Νυχτερινή
187,3,2026-06-05,Πρωινή
188,3,2026-06-05,Απογευματινή
189,3,2026-06-05,Νυχτερινή
190,4,2026-06-05,Πρωινή
191,4,2026-06-05,Απογευματινή
192,4,2026-06-05,Νυχτερινή
193,5,2026-06-05,Πρωινή
194,5,2026-06-05,Απογευματινή
195,5,2026-06-05,Νυχτερινή
196,6,2026-06-05,Πρωινή
197,6,2026-06-05,Απογευματινή
198,6,2026-06-05,Νυχτερινή
199,7,2026-06-05,Πρωινή
200,7,2026-06-05,Απογευματινή
201,7,2026-06-05,Νυχτερινή
202,8,2026-06-05,Πρωινή
203,8,2026-06-05,Απογευματινή
204,8,2026-06-05,Νυχτερινή
205,9,2026-06-05,Πρωινή
206,9,2026-06-05,Απογευματινή
207,9,2026-06-05,Νυχτερινή
208,10,2026-06-05,Πρωινή
209,10,2026-06-05,Απογευματινή
210,10,2026-06-05,Νυχτερινή
211,11,2026-06-05,Πρωινή
212,11,2026-06-05,Απογευματινή
213,11,2026-06-05,Νυχτερινή
214,12,2026-06-05,Πρωινή
215,12,2026-06-05,Απογευματινή
216,12,2026-06-05,Νυχτερινή
217,13,2026-06-05,Πρωινή
218,13,2026-06-05,Απογευματινή
219,13,2026-06-05,Νυχτερινή
220,14,2026-06-05,Πρωινή
221,14,2026-06-05,Απογευματινή
222,14,2026-06-05,Νυχτερινή
223,15,2026-06-05,Πρωινή
224,15,2026-06-05,Απογευματινή
225,15,2026-06-05,Νυχτερινή
226,1,2026-06-06,Πρωινή
227,1,2026-06-06,Απογευματινή
228,1,2026-06-06,Νυχτερινή
229,2,2026-06-06,Πρωινή
230,2,2026-06-06,Απογευματινή
231,2,2026-06-06,Νυχτερινή
232,3,2026-06-06,Πρωινή
233,3,2026-06-06,Απογευματινή
234,3,2026-06-06,Νυχτερινή
235,4,2026-06-06,Πρωινή
236,4,2026-06-06,Απογευματινή
237,4,2026-06-06,Νυχτερινή
238,5,2026-06-06,Πρωινή
239,5,2026-06-06,Απογευματινή
240,5,2026-06-06,Νυχτερινή
241,6,2026-06-06,Πρωινή
242,6,2026-06-06,Απογευματινή
243,6,2026-06-06,Νυχτερινή
244,7,2026-06-06,Πρωινή
245,7,2026-06-06,Απογευματινή
246,7,2026-06-06,Νυχτερινή
247,8,2026-06-06,Πρωινή
248,8,2026-06-06,Απογευματινή
249,8,2026-06-06,Νυχτερινή
250,9,2026-06-06,Πρωινή
251,9,2026-06-06,Απογευματινή
252,9,2026-06-06,Νυχτερινή
253,10,2026-06-06,Πρωινή
254,10,2026-06-06,Απογευματινή
255,10,2026-06-06,Νυχτερινή
256,11,2026-06-06,Πρωινή
257,11,2026-06-06,Απογευματινή
258,11,2026-06-06,Νυχτερινή
259,12,2026-06-06,Πρωινή
260,12,2026-06-06,Απογευματινή
261,12,2026-06-06,Νυχτερινή
262,13,2026-06-06,Πρωινή
263,13,2026-06-06,Απογευματινή
264,13,2026-06-06,Νυχτερινή
265,14,2026-06-06,Πρωινή
266,14,2026-06-06,Απογευματινή
267,14,2026-06-06,Νυχτερινή
268,15,2026-06-06,Πρωινή
269,15,2026-06-06,Απογευματινή
270,15,2026-06-06,Νυχτερινή
271,1,2026-06-07,Πρωινή
272,1,2026-06-07,Απογευματινή
273,1,2026-06-07,Νυχτερινή
274,2,2026-06-07,Πρωινή
275,2,2026-06-07,Απογευματινή
276,2,2026-06-07,Νυχτερινή
277,3,2026-06-07,Πρωινή
278,3,2026-06-07,Απογευματινή
279,3,2026-06-07,Νυχτερινή
280,4,2026-06-07,Πρωινή
281,4,2026-06-07,Απογευματινή
282,4,2026-06-07,Νυχτερινή
283,5,2026-06-07,Πρωινή
284,5,2026-06-07,Απογευματινή
285,5,2026-06-07,Νυχτερινή
286,6,2026-06-07,Πρωινή
287,6,2026-06-07,Απογευματινή
288,6,2026-06-07,Νυχτερινή
289,7,2026-06-07,Πρωινή
290,7,2026-06-07,Απογευματινή
291,7,2026-06-07,Νυχτερινή
292,8,2026-06-07,Πρωινή
293,8,2026-06-07,Απογευματινή
294,8,2026-06-07,Νυχτερινή
295,9,2026-06-07,Πρωινή
296,9,2026-06-07,Απογευματινή
297,9,2026-06-07,Νυχτερινή
298,10,2026-06-07,Πρωινή
299,10,2026-06-07,Απογευματινή
300,10,2026-06-07,Νυχτερινή
301,11,2026-06-07,Πρωινή
302,11,2026-06-07,Απογευματινή
303,11,2026-06-07,Νυχτερινή
304,12,2026-06-07,Πρωινή
305,12,2026-06-07,Απογευματινή
306,12,2026-06-07,Νυχτερινή
307,13,2026-06-07,Πρωινή
308,13,2026-06-07,Απογευματινή
309,13,2026-06-07,Νυχτερινή
310,14,2026-06-07,Πρωινή
311,14,2026-06-07,Απογευματινή
312,14,2026-06-07,Νυχτερινή
313,15,2026-06-07,Πρωινή
314,15,2026-06-07,Απογευματινή
315,15,2026-06-07,Νυχτερινή
316,1,2026-06-08,Πρωινή
317,1,2026-06-08,Απογευματινή
318,1,2026-06-08,Νυχτερινή
319,2,2026-06-08,Πρωινή
320,2,2026-06-08,Απογευματινή
321,2,2026-06-08,Νυχτερινή
322,3,2026-06-08,Πρωινή
323,3,2026-06-08,Απογευματινή
324,3,2026-06-08,Νυχτερινή
325,4,2026-06-08,Πρωινή
326,4,2026-06-08,Απογευματινή
327,4,2026-06-08,Νυχτερινή
328,5,2026-06-08,Πρωινή
329,5,2026-06-08,Απογευματινή
330,5,2026-06-08,Νυχτερινή
331,6,2026-06-08,Πρωινή
332,6,2026-06-08,Απογευματινή
333,6,2026-06-08,Νυχτερινή
334,7,2026-06-08,Πρωινή
335,7,2026-06-08,Απογευματινή
336,7,2026-06-08,Νυχτερινή
337,8,2026-06-08,Πρωινή
338,8,2026-06-08,Απογευματινή
339,8,2026-06-08,Νυχτερινή
340,9,2026-06-08,Πρωινή
341,9,2026-06-08,Απογευματινή
342,9,2026-06-08,Νυχτερινή
343,10,2026-06-08,Πρωινή
344,10,2026-06-08,Απογευματινή
345,10,2026-06-08,Νυχτερινή
346,11,2026-06-08,Πρωινή
347,11,2026-06-08,Απογευματινή
348,11,2026-06-08,Νυχτερινή
349,12,2026-06-08,Πρωινή
350,12,2026-06-08,Απογευματινή
351,12,2026-06-08,Νυχτερινή
352,13,2026-06-08,Πρωινή
353,13,2026-06-08,Απογευματινή
354,13,2026-06-08,Νυχτερινή
355,14,2026-06-08,Πρωινή
356,14,2026-06-08,Απογευματινή
357,14,2026-06-08,Νυχτερινή
358,15,2026-06-08,Πρωινή
359,15,2026-06-08,Απογευματινή
360,15,2026-06-08,Νυχτερινή
361,1,2026-06-09,Πρωινή
362,1,2026-06-09,Απογευματινή
363,1,2026-06-09,Νυχτερινή
364,2,2026-06-09,Πρωινή
365,2,2026-06-09,Απογευματινή
366,2,2026-06-09,Νυχτερινή
367,3,2026-06-09,Πρωινή
368,3,2026-06-09,Απογευματινή
369,3,2026-06-09,Νυχτερινή
370,4,2026-06-09,Πρωινή
371,4,2026-06-09,Απογευματινή
372,4,2026-06-09,Νυχτερινή
373,5,2026-06-09,Πρωινή
374,5,2026-06-09,Απογευματινή
375,5,2026-06-09,Νυχτερινή
376,6,2026-06-09,Πρωινή
377,6,2026-06-09,Απογευματινή
378,6,2026-06-09,Νυχτερινή
379,7,2026-06-09,Πρωινή
380,7,2026-06-09,Απογευματινή
381,7,2026-06-09,Νυχτερινή
382,8,2026-06-09,Πρωινή
383,8,2026-06-09,Απογευματινή
384,8,2026-06-09,Νυχτερινή
385,9,2026-06-09,Πρωινή
386,9,2026-06-09,Απογευματινή
387,9,2026-06-09,Νυχτερινή
388,10,2026-06-09,Πρωινή
389,10,2026-06-09,Απογευματινή
390,10,2026-06-09,Νυχτερινή
391,11,2026-06-09,Πρωινή
392,11,2026-06-09,Απογευματινή
393,11,2026-06-09,Νυχτερινή
394,12,2026-06-09,Πρωινή
395,12,2026-06-09,Απογευματινή
396,12,2026-06-09,Νυχτερινή
397,13,2026-06-09,Πρωινή
398,13,2026-06-09,Απογευματινή
399,13,2026-06-09,Νυχτερινή
400,14,2026-06-09,Πρωινή
401,14,2026-06-09,Απογευματινή
402,14,2026-06-09,Νυχτερινή
403,15,2026-06-09,Πρωινή
404,15,2026-06-09,Απογευματινή
405,15,2026-06-09,Νυχτερινή
406,1,2026-06-10,Πρωινή
407,1,2026-06-10,Απογευματινή
408,1,2026-06-10,Νυχτερινή
409,2,2026-06-10,Πρωινή
410,2,2026-06-10,Απογευματινή
411,2,2026-06-10,Νυχτερινή
412,3,2026-06-10,Πρωινή
413,3,2026-06-10,Απογευματινή
414,3,2026-06-10,Νυχτερινή
415,4,2026-06-10,Πρωινή
416,4,2026-06-10,Απογευματινή
417,4,2026-06-10,Νυχτερινή
418,5,2026-06-10,Πρωινή
419,5,2026-06-10,Απογευματινή
420,5,2026-06-10,Νυχτερινή
421,6,2026-06-10,Πρωινή
422,6,2026-06-10,Απογευματινή
423,6,2026-06-10,Νυχτερινή
424,7,2026-06-10,Πρωινή
425,7,2026-06-10,Απογευματινή
426,7,2026-06-10,Νυχτερινή
427,8,2026-06-10,Πρωινή
428,8,2026-06-10,Απογευματινή
429,8,2026-06-10,Νυχτερινή
430,9,2026-06-10,Πρωινή
431,9,2026-06-10,Απογευματινή
432,9,2026-06-10,Νυχτερινή
433,10,2026-06-10,Πρωινή
434,10,2026-06-10,Απογευματινή
435,10,2026-06-10,Νυχτερινή
436,11,2026-06-10,Πρωινή
437,11,2026-06-10,Απογευματινή
438,11,2026-06-10,Νυχτερινή
439,12,2026-06-10,Πρωινή
440,12,2026-06-10,Απογευματινή
441,12,2026-06-10,Νυχτερινή
442,13,2026-06-10,Πρωινή
443,13,2026-06-10,Απογευματινή
444,13,2026-06-10,Νυχτερινή
445,14,2026-06-10,Πρωινή
446,14,2026-06-10,Απογευματινή
447,14,2026-06-10,Νυχτερινή
448,15,2026-06-10,Πρωινή
449,15,2026-06-10,Απογευματινή
450,15,2026-06-10,Νυχτερινή
451,1,2026-06-11,Πρωινή
452,1,2026-06-11,Απογευματινή
453,1,2026-06-11,Νυχτερινή
454,2,2026-06-11,Πρωινή
455,2,2026-06-11,Απογευματινή
456,2,2026-06-11,Νυχτερινή
457,3,2026-06-11,Πρωινή
458,3,2026-06-11,Απογευματινή
459,3,2026-06-11,Νυχτερινή
460,4,2026-06-11,Πρωινή
461,4,2026-06-11,Απογευματινή
462,4,2026-06-11,Νυχτερινή
463,5,2026-06-11,Πρωινή
464,5,2026-06-11,Απογευματινή
465,5,2026-06-11,Νυχτερινή
466,6,2026-06-11,Πρωινή
467,6,2026-06-11,Απογευματινή
468,6,2026-06-11,Νυχτερινή
469,7,2026-06-11,Πρωινή
470,7,2026-06-11,Απογευματινή
471,7,2026-06-11,Νυχτερινή
472,8,2026-06-11,Πρωινή
473,8,2026-06-11,Απογευματινή
474,8,2026-06-11,Νυχτερινή
475,9,2026-06-11,Πρωινή
476,9,2026-06-11,Απογευματινή
477,9,2026-06-11,Νυχτερινή
478,10,2026-06-11,Πρωινή
479,10,2026-06-11,Απογευματινή
480,10,2026-06-11,Νυχτερινή
481,11,2026-06-11,Πρωινή
482,11,2026-06-11,Απογευματινή
483,11,2026-06-11,Νυχτερινή
484,12,2026-06-11,Πρωινή
485,12,2026-06-11,Απογευματινή
486,12,2026-06-11,Νυχτερινή
487,13,2026-06-11,Πρωινή
488,13,2026-06-11,Απογευματινή
489,13,2026-06-11,Νυχτερινή
490,14,2026-06-11,Πρωινή
491,14,2026-06-11,Απογευματινή
492,14,2026-06-11,Νυχτερινή
493,15,2026-06-11,Πρωινή
494,15,2026-06-11,Απογευματινή
495,15,2026-06-11,Νυχτερινή
496,1,2026-06-12,Πρωινή
497,1,2026-06-12,Απογευματινή
498,1,2026-06-12,Νυχτερινή
499,2,2026-06-12,Πρωινή
500,2,2026-06-12,Απογευματινή
501,2,2026-06-12,Νυχτερινή
502,3,2026-06-12,Πρωινή
503,3,2026-06-12,Απογευματινή
504,3,2026-06-12,Νυχτερινή
505,4,2026-06-12,Πρωινή
506,4,2026-06-12,Απογευματινή
507,4,2026-06-12,Νυχτερινή
508,5,2026-06-12,Πρωινή
509,5,2026-06-12,Απογευματινή
510,5,2026-06-12,Νυχτερινή
511,6,2026-06-12,Πρωινή
512,6,2026-06-12,Απογευματινή
513,6,2026-06-12,Νυχτερινή
514,7,2026-06-12,Πρωινή
515,7,2026-06-12,Απογευματινή
516,7,2026-06-12,Νυχτερινή
517,8,2026-06-12,Πρωινή
518,8,2026-06-12,Απογευματινή
519,8,2026-06-12,Νυχτερινή
520,9,2026-06-12,Πρωινή
521,9,2026-06-12,Απογευματινή
522,9,2026-06-12,Νυχτερινή
523,10,2026-06-12,Πρωινή
524,10,2026-06-12,Απογευματινή
525,10,2026-06-12,Νυχτερινή
526,11,2026-06-12,Πρωινή
527,11,2026-06-12,Απογευματινή
528,11,2026-06-12,Νυχτερινή
529,12,2026-06-12,Πρωινή
530,12,2026-06-12,Απογευματινή
531,12,2026-06-12,Νυχτερινή
532,13,2026-06-12,Πρωινή
533,13,2026-06-12,Απογευματινή
534,13,2026-06-12,Νυχτερινή
535,14,2026-06-12,Πρωινή
536,14,2026-06-12,Απογευματινή
537,14,2026-06-12,Νυχτερινή
538,15,2026-06-12,Πρωινή
539,15,2026-06-12,Απογευματινή
540,15,2026-06-12,Νυχτερινή
541,1,2026-06-13,Πρωινή
542,1,2026-06-13,Απογευματινή
543,1,2026-06-13,Νυχτερινή
544,2,2026-06-13,Πρωινή
545,2,2026-06-13,Απογευματινή
546,2,2026-06-13,Νυχτερινή
547,3,2026-06-13,Πρωινή
548,3,2026-06-13,Απογευματινή
549,3,2026-06-13,Νυχτερινή
550,4,2026-06-13,Πρωινή
551,4,2026-06-13,Απογευματινή
552,4,2026-06-13,Νυχτερινή
553,5,2026-06-13,Πρωινή
554,5,2026-06-13,Απογευματινή
555,5,2026-06-13,Νυχτερινή
556,6,2026-06-13,Πρωινή
557,6,2026-06-13,Απογευματινή
558,6,2026-06-13,Νυχτερινή
559,7,2026-06-13,Πρωινή
560,7,2026-06-13,Απογευματινή
561,7,2026-06-13,Νυχτερινή
562,8,2026-06-13,Πρωινή
563,8,2026-06-13,Απογευματινή
564,8,2026-06-13,Νυχτερινή
565,9,2026-06-13,Πρωινή
566,9,2026-06-13,Απογευματινή
567,9,2026-06-13,Νυχτερινή
568,10,2026-06-13,Πρωινή
569,10,2026-06-13,Απογευματινή
570,10,2026-06-13,Νυχτερινή
571,11,2026-06-13,Πρωινή
572,11,2026-06-13,Απογευματινή
573,11,2026-06-13,Νυχτερινή
574,12,2026-06-13,Πρωινή
575,12,2026-06-13,Απογευματινή
576,12,2026-06-13,Νυχτερινή
577,13,2026-06-13,Πρωινή
578,13,2026-06-13,Απογευματινή
579,13,2026-06-13,Νυχτερινή
580,14,2026-06-13,Πρωινή
581,14,2026-06-13,Απογευματινή
582,14,2026-06-13,Νυχτερινή
583,15,2026-06-13,Πρωινή
584,15,2026-06-13,Απογευματινή
585,15,2026-06-13,Νυχτερινή
586,1,2026-06-14,Πρωινή
587,1,2026-06-14,Απογευματινή
588,1,2026-06-14,Νυχτερινή
589,2,2026-06-14,Πρωινή
590,2,2026-06-14,Απογευματινή
591,2,2026-06-14,Νυχτερινή
592,3,2026-06-14,Πρωινή
593,3,2026-06-14,Απογευματινή
594,3,2026-06-14,Νυχτερινή
595,4,2026-06-14,Πρωινή
596,4,2026-06-14,Απογευματινή
597,4,2026-06-14,Νυχτερινή
598,5,2026-06-14,Πρωινή
599,5,2026-06-14,Απογευματινή
600,5,2026-06-14,Νυχτερινή
601,6,2026-06-14,Πρωινή
602,6,2026-06-14,Απογευματινή
603,6,2026-06-14,Νυχτερινή
604,7,2026-06-14,Πρωινή
605,7,2026-06-14,Απογευματινή
606,7,2026-06-14,Νυχτερινή
607,8,2026-06-14,Πρωινή
608,8,2026-06-14,Απογευματινή
609,8,2026-06-14,Νυχτερινή
610,9,2026-06-14,Πρωινή
611,9,2026-06-14,Απογευματινή
612,9,2026-06-14,Νυχτερινή
613,10,2026-06-14,Πρωινή
614,10,2026-06-14,Απογευματινή
615,10,2026-06-14,Νυχτερινή
616,11,2026-06-14,Πρωινή
617,11,2026-06-14,Απογευματινή
618,11,2026-06-14,Νυχτερινή
619,12,2026-06-14,Πρωινή
620,12,2026-06-14,Απογευματινή
621,12,2026-06-14,Νυχτερινή
622,13,2026-06-14,Πρωινή
623,13,2026-06-14,Απογευματινή
624,13,2026-06-14,Νυχτερινή
625,14,2026-06-14,Πρωινή
626,14,2026-06-14,Απογευματινή
627,14,2026-06-14,Νυχτερινή
628,15,2026-06-14,Πρωινή
629,15,2026-06-14,Απογευματινή
630,15,2026-06-14,Νυχτερινή
631,1,2026-06-15,Πρωινή
632,1,2026-06-15,Απογευματινή
633,1,2026-06-15,Νυχτερινή
634,2,2026-06-15,Πρωινή
635,2,2026-06-15,Απογευματινή
636,2,2026-06-15,Νυχτερινή
637,3,2026-06-15,Πρωινή
638,3,2026-06-15,Απογευματινή
639,3,2026-06-15,Νυχτερινή
640,4,2026-06-15,Πρωινή
641,4,2026-06-15,Απογευματινή
642,4,2026-06-15,Νυχτερινή
643,5,2026-06-15,Πρωινή
644,5,2026-06-15,Απογευματινή
645,5,2026-06-15,Νυχτερινή
646,6,2026-06-15,Πρωινή
647,6,2026-06-15,Απογευματινή
648,6,2026-06-15,Νυχτερινή
649,7,2026-06-15,Πρωινή
650,7,2026-06-15,Απογευματινή
651,7,2026-06-15,Νυχτερινή
652,8,2026-06-15,Πρωινή
653,8,2026-06-15,Απογευματινή
654,8,2026-06-15,Νυχτερινή
655,9,2026-06-15,Πρωινή
656,9,2026-06-15,Απογευματινή
657,9,2026-06-15,Νυχτερινή
658,10,2026-06-15,Πρωινή
659,10,2026-06-15,Απογευματινή
660,10,2026-06-15,Νυχτερινή
661,11,2026-06-15,Πρωινή
662,11,2026-06-15,Απογευματινή
663,11,2026-06-15,Νυχτερινή
664,12,2026-06-15,Πρωινή
665,12,2026-06-15,Απογευματινή
666,12,2026-06-15,Νυχτερινή
667,13,2026-06-15,Πρωινή
668,13,2026-06-15,Απογευματινή
669,13,2026-06-15,Νυχτερινή
670,14,2026-06-15,Πρωινή
671,14,2026-06-15,Απογευματινή
672,14,2026-06-15,Νυχτερινή
673,15,2026-06-15,Πρωινή
674,15,2026-06-15,Απογευματινή
675,15,2026-06-15,Νυχτερινή
676,1,2026-06-16,Πρωινή
677,1,2026-06-16,Απογευματινή
678,1,2026-06-16,Νυχτερινή
679,2,2026-06-16,Πρωινή
680,2,2026-06-16,Απογευματινή
681,2,2026-06-16,Νυχτερινή
682,3,2026-06-16,Πρωινή
683,3,2026-06-16,Απογευματινή
684,3,2026-06-16,Νυχτερινή
685,4,2026-06-16,Πρωινή
686,4,2026-06-16,Απογευματινή
687,4,2026-06-16,Νυχτερινή
688,5,2026-06-16,Πρωινή
689,5,2026-06-16,Απογευματινή
690,5,2026-06-16,Νυχτερινή
691,6,2026-06-16,Πρωινή
692,6,2026-06-16,Απογευματινή
693,6,2026-06-16,Νυχτερινή
694,7,2026-06-16,Πρωινή
695,7,2026-06-16,Απογευματινή
696,7,2026-06-16,Νυχτερινή
697,8,2026-06-16,Πρωινή
698,8,2026-06-16,Απογευματινή
699,8,2026-06-16,Νυχτερινή
700,9,2026-06-16,Πρωινή
701,9,2026-06-16,Απογευματινή
702,9,2026-06-16,Νυχτερινή
703,10,2026-06-16,Πρωινή
704,10,2026-06-16,Απογευματινή
705,10,2026-06-16,Νυχτερινή
706,11,2026-06-16,Πρωινή
707,11,2026-06-16,Απογευματινή
708,11,2026-06-16,Νυχτερινή
709,12,2026-06-16,Πρωινή
710,12,2026-06-16,Απογευματινή
711,12,2026-06-16,Νυχτερινή
712,13,2026-06-16,Πρωινή
713,13,2026-06-16,Απογευματινή
714,13,2026-06-16,Νυχτερινή
715,14,2026-06-16,Πρωινή
716,14,2026-06-16,Απογευματινή
717,14,2026-06-16,Νυχτερινή
718,15,2026-06-16,Πρωινή
719,15,2026-06-16,Απογευματινή
720,15,2026-06-16,Νυχτερινή
721,1,2026-06-17,Πρωινή
722,1,2026-06-17,Απογευματινή
723,1,2026-06-17,Νυχτερινή
724,2,2026-06-17,Πρωινή
725,2,2026-06-17,Απογευματινή
726,2,2026-06-17,Νυχτερινή
727,3,2026-06-17,Πρωινή
728,3,2026-06-17,Απογευματινή
729,3,2026-06-17,Νυχτερινή
730,4,2026-06-17,Πρωινή
731,4,2026-06-17,Απογευματινή
732,4,2026-06-17,Νυχτερινή
733,5,2026-06-17,Πρωινή
734,5,2026-06-17,Απογευματινή
735,5,2026-06-17,Νυχτερινή
736,6,2026-06-17,Πρωινή
737,6,2026-06-17,Απογευματινή
738,6,2026-06-17,Νυχτερινή
739,7,2026-06-17,Πρωινή
740,7,2026-06-17,Απογευματινή
741,7,2026-06-17,Νυχτερινή
742,8,2026-06-17,Πρωινή
743,8,2026-06-17,Απογευματινή
744,8,2026-06-17,Νυχτερινή
745,9,2026-06-17,Πρωινή
746,9,2026-06-17,Απογευματινή
747,9,2026-06-17,Νυχτερινή
748,10,2026-06-17,Πρωινή
749,10,2026-06-17,Απογευματινή
750,10,2026-06-17,Νυχτερινή
751,11,2026-06-17,Πρωινή
752,11,2026-06-17,Απογευματινή
753,11,2026-06-17,Νυχτερινή
754,12,2026-06-17,Πρωινή
755,12,2026-06-17,Απογευματινή
756,12,2026-06-17,Νυχτερινή
757,13,2026-06-17,Πρωινή
758,13,2026-06-17,Απογευματινή
759,13,2026-06-17,Νυχτερινή
760,14,2026-06-17,Πρωινή
761,14,2026-06-17,Απογευματινή
762,14,2026-06-17,Νυχτερινή
763,15,2026-06-17,Πρωινή
764,15,2026-06-17,Απογευματινή
765,15,2026-06-17,Νυχτερινή
766,1,2026-06-18,Πρωινή
767,1,2026-06-18,Απογευματινή
768,1,2026-06-18,Νυχτερινή
769,2,2026-06-18,Πρωινή
770,2,2026-06-18,Απογευματινή
771,2,2026-06-18,Νυχτερινή
772,3,2026-06-18,Πρωινή
773,3,2026-06-18,Απογευματινή
774,3,2026-06-18,Νυχτερινή
775,4,2026-06-18,Πρωινή
776,4,2026-06-18,Απογευματινή
777,4,2026-06-18,Νυχτερινή
778,5,2026-06-18,Πρωινή
779,5,2026-06-18,Απογευματινή
780,5,2026-06-18,Νυχτερινή
781,6,2026-06-18,Πρωινή
782,6,2026-06-18,Απογευματινή
783,6,2026-06-18,Νυχτερινή
784,7,2026-06-18,Πρωινή
785,7,2026-06-18,Απογευματινή
786,7,2026-06-18,Νυχτερινή
787,8,2026-06-18,Πρωινή
788,8,2026-06-18,Απογευματινή
789,8,2026-06-18,Νυχτερινή
790,9,2026-06-18,Πρωινή
791,9,2026-06-18,Απογευματινή
792,9,2026-06-18,Νυχτερινή
793,10,2026-06-18,Πρωινή
794,10,2026-06-18,Απογευματινή
795,10,2026-06-18,Νυχτερινή
796,11,2026-06-18,Πρωινή
797,11,2026-06-18,Απογευματινή
798,11,2026-06-18,Νυχτερινή
799,12,2026-06-18,Πρωινή
800,12,2026-06-18,Απογευματινή
801,12,2026-06-18,Νυχτερινή
802,13,2026-06-18,Πρωινή
803,13,2026-06-18,Απογευματινή
804,13,2026-06-18,Νυχτερινή
805,14,2026-06-18,Πρωινή
806,14,2026-06-18,Απογευματινή
807,14,2026-06-18,Νυχτερινή
808,15,2026-06-18,Πρωινή
809,15,2026-06-18,Απογευματινή
810,15,2026-06-18,Νυχτερινή
811,1,2026-06-19,Πρωινή
812,1,2026-06-19,Απογευματινή
813,1,2026-06-19,Νυχτερινή
814,2,2026-06-19,Πρωινή
815,2,2026-06-19,Απογευματινή
816,2,2026-06-19,Νυχτερινή
817,3,2026-06-19,Πρωινή
818,3,2026-06-19,Απογευματινή
819,3,2026-06-19,Νυχτερινή
820,4,2026-06-19,Πρωινή
821,4,2026-06-19,Απογευματινή
822,4,2026-06-19,Νυχτερινή
823,5,2026-06-19,Πρωινή
824,5,2026-06-19,Απογευματινή
825,5,2026-06-19,Νυχτερινή
826,6,2026-06-19,Πρωινή
827,6,2026-06-19,Απογευματινή
828,6,2026-06-19,Νυχτερινή
829,7,2026-06-19,Πρωινή
830,7,2026-06-19,Απογευματινή
831,7,2026-06-19,Νυχτερινή
832,8,2026-06-19,Πρωινή
833,8,2026-06-19,Απογευματινή
834,8,2026-06-19,Νυχτερινή
835,9,2026-06-19,Πρωινή
836,9,2026-06-19,Απογευματινή
837,9,2026-06-19,Νυχτερινή
838,10,2026-06-19,Πρωινή
839,10,2026-06-19,Απογευματινή
840,10,2026-06-19,Νυχτερινή
841,11,2026-06-19,Πρωινή
842,11,2026-06-19,Απογευματινή
843,11,2026-06-19,Νυχτερινή
844,12,2026-06-19,Πρωινή
845,12,2026-06-19,Απογευματινή
846,12,2026-06-19,Νυχτερινή
847,13,2026-06-19,Πρωινή
848,13,2026-06-19,Απογευματινή
849,13,2026-06-19,Νυχτερινή
850,14,2026-06-19,Πρωινή
851,14,2026-06-19,Απογευματινή
852,14,2026-06-19,Νυχτερινή
853,15,2026-06-19,Πρωινή
854,15,2026-06-19,Απογευματινή
855,15,2026-06-19,Νυχτερινή
856,1,2026-06-20,Πρωινή
857,1,2026-06-20,Απογευματινή
858,1,2026-06-20,Νυχτερινή
859,2,2026-06-20,Πρωινή
860,2,2026-06-20,Απογευματινή
861,2,2026-06-20,Νυχτερινή
862,3,2026-06-20,Πρωινή
863,3,2026-06-20,Απογευματινή
864,3,2026-06-20,Νυχτερινή
865,4,2026-06-20,Πρωινή
866,4,2026-06-20,Απογευματινή
867,4,2026-06-20,Νυχτερινή
868,5,2026-06-20,Πρωινή
869,5,2026-06-20,Απογευματινή
870,5,2026-06-20,Νυχτερινή
871,6,2026-06-20,Πρωινή
872,6,2026-06-20,Απογευματινή
873,6,2026-06-20,Νυχτερινή
874,7,2026-06-20,Πρωινή
875,7,2026-06-20,Απογευματινή
876,7,2026-06-20,Νυχτερινή
877,8,2026-06-20,Πρωινή
878,8,2026-06-20,Απογευματινή
879,8,2026-06-20,Νυχτερινή
880,9,2026-06-20,Πρωινή
881,9,2026-06-20,Απογευματινή
882,9,2026-06-20,Νυχτερινή
883,10,2026-06-20,Πρωινή
884,10,2026-06-20,Απογευματινή
885,10,2026-06-20,Νυχτερινή
886,11,2026-06-20,Πρωινή
887,11,2026-06-20,Απογευματινή
888,11,2026-06-20,Νυχτερινή
889,12,2026-06-20,Πρωινή
890,12,2026-06-20,Απογευματινή
891,12,2026-06-20,Νυχτερινή
892,13,2026-06-20,Πρωινή
893,13,2026-06-20,Απογευματινή
894,13,2026-06-20,Νυχτερινή
895,14,2026-06-20,Πρωινή
896,14,2026-06-20,Απογευματινή
897,14,2026-06-20,Νυχτερινή
898,15,2026-06-20,Πρωινή
899,15,2026-06-20,Απογευματινή
900,15,2026-06-20,Νυχτερινή
901,1,2026-06-21,Πρωινή
902,1,2026-06-21,Απογευματινή
903,1,2026-06-21,Νυχτερινή
904,2,2026-06-21,Πρωινή
905,2,2026-06-21,Απογευματινή
906,2,2026-06-21,Νυχτερινή
907,3,2026-06-21,Πρωινή
908,3,2026-06-21,Απογευματινή
909,3,2026-06-21,Νυχτερινή
910,4,2026-06-21,Πρωινή
911,4,2026-06-21,Απογευματινή
912,4,2026-06-21,Νυχτερινή
913,5,2026-06-21,Πρωινή
914,5,2026-06-21,Απογευματινή
915,5,2026-06-21,Νυχτερινή
916,6,2026-06-21,Πρωινή
917,6,2026-06-21,Απογευματινή
918,6,2026-06-21,Νυχτερινή
919,7,2026-06-21,Πρωινή
920,7,2026-06-21,Απογευματινή
921,7,2026-06-21,Νυχτερινή
922,8,2026-06-21,Πρωινή
923,8,2026-06-21,Απογευματινή
924,8,2026-06-21,Νυχτερινή
925,9,2026-06-21,Πρωινή
926,9,2026-06-21,Απογευματινή
927,9,2026-06-21,Νυχτερινή
928,10,2026-06-21,Πρωινή
929,10,2026-06-21,Απογευματινή
930,10,2026-06-21,Νυχτερινή
931,11,2026-06-21,Πρωινή
932,11,2026-06-21,Απογευματινή
933,11,2026-06-21,Νυχτερινή
934,12,2026-06-21,Πρωινή
935,12,2026-06-21,Απογευματινή
936,12,2026-06-21,Νυχτερινή
937,13,2026-06-21,Πρωινή
938,13,2026-06-21,Απογευματινή
939,13,2026-06-21,Νυχτερινή
940,14,2026-06-21,Πρωινή
941,14,2026-06-21,Απογευματινή
942,14,2026-06-21,Νυχτερινή
943,15,2026-06-21,Πρωινή
944,15,2026-06-21,Απογευματινή
945,15,2026-06-21,Νυχτερινή
946,1,2026-06-22,Πρωινή
947,1,2026-06-22,Απογευματινή
948,1,2026-06-22,Νυχτερινή
949,2,2026-06-22,Πρωινή
950,2,2026-06-22,Απογευματινή
951,2,2026-06-22,Νυχτερινή
952,3,2026-06-22,Πρωινή
953,3,2026-06-22,Απογευματινή
954,3,2026-06-22,Νυχτερινή
955,4,2026-06-22,Πρωινή
956,4,2026-06-22,Απογευματινή
957,4,2026-06-22,Νυχτερινή
958,5,2026-06-22,Πρωινή
959,5,2026-06-22,Απογευματινή
960,5,2026-06-22,Νυχτερινή
961,6,2026-06-22,Πρωινή
962,6,2026-06-22,Απογευματινή
963,6,2026-06-22,Νυχτερινή
964,7,2026-06-22,Πρωινή
965,7,2026-06-22,Απογευματινή
966,7,2026-06-22,Νυχτερινή
967,8,2026-06-22,Πρωινή
968,8,2026-06-22,Απογευματινή
969,8,2026-06-22,Νυχτερινή
970,9,2026-06-22,Πρωινή
971,9,2026-06-22,Απογευματινή
972,9,2026-06-22,Νυχτερινή
973,10,2026-06-22,Πρωινή
974,10,2026-06-22,Απογευματινή
975,10,2026-06-22,Νυχτερινή
976,11,2026-06-22,Πρωινή
977,11,2026-06-22,Απογευματινή
978,11,2026-06-22,Νυχτερινή
979,12,2026-06-22,Πρωινή
980,12,2026-06-22,Απογευματινή
981,12,2026-06-22,Νυχτερινή
982,13,2026-06-22,Πρωινή
983,13,2026-06-22,Απογευματινή
984,13,2026-06-22,Νυχτερινή
985,14,2026-06-22,Πρωινή
986,14,2026-06-22,Απογευματινή
987,14,2026-06-22,Νυχτερινή
988,15,2026-06-22,Πρωινή
989,15,2026-06-22,Απογευματινή
990,15,2026-06-22,Νυχτερινή
991,1,2026-06-23,Πρωινή
992,1,2026-06-23,Απογευματινή
993,1,2026-06-23,Νυχτερινή
994,2,2026-06-23,Πρωινή
995,2,2026-06-23,Απογευματινή
996,2,2026-06-23,Νυχτερινή
997,3,2026-06-23,Πρωινή
998,3,2026-06-23,Απογευματινή
999,3,2026-06-23,Νυχτερινή
1000,4,2026-06-23,Πρωινή
1001,4,2026-06-23,Απογευματινή
1002,4,2026-06-23,Νυχτερινή
1003,5,2026-06-23,Πρωινή
1004,5,2026-06-23,Απογευματινή
1005,5,2026-06-23,Νυχτερινή
1006,6,2026-06-23,Πρωινή
1007,6,2026-06-23,Απογευματινή
1008,6,2026-06-23,Νυχτερινή
1009,7,2026-06-23,Πρωινή
1010,7,2026-06-23,Απογευματινή
1011,7,2026-06-23,Νυχτερινή
1012,8,2026-06-23,Πρωινή
1013,8,2026-06-23,Απογευματινή
1014,8,2026-06-23,Νυχτερινή
1015,9,2026-06-23,Πρωινή
1016,9,2026-06-23,Απογευματινή
1017,9,2026-06-23,Νυχτερινή
1018,10,2026-06-23,Πρωινή
1019,10,2026-06-23,Απογευματινή
1020,10,2026-06-23,Νυχτερινή
1021,11,2026-06-23,Πρωινή
1022,11,2026-06-23,Απογευματινή
1023,11,2026-06-23,Νυχτερινή
1024,12,2026-06-23,Πρωινή
1025,12,2026-06-23,Απογευματινή
1026,12,2026-06-23,Νυχτερινή
1027,13,2026-06-23,Πρωινή
1028,13,2026-06-23,Απογευματινή
1029,13,2026-06-23,Νυχτερινή
1030,14,2026-06-23,Πρωινή
1031,14,2026-06-23,Απογευματινή
1032,14,2026-06-23,Νυχτερινή
1033,15,2026-06-23,Πρωινή
1034,15,2026-06-23,Απογευματινή
1035,15,2026-06-23,Νυχτερινή
1036,1,2026-06-24,Πρωινή
1037,1,2026-06-24,Απογευματινή
1038,1,2026-06-24,Νυχτερινή
1039,2,2026-06-24,Πρωινή
1040,2,2026-06-24,Απογευματινή
1041,2,2026-06-24,Νυχτερινή
1042,3,2026-06-24,Πρωινή
1043,3,2026-06-24,Απογευματινή
1044,3,2026-06-24,Νυχτερινή
1045,4,2026-06-24,Πρωινή
1046,4,2026-06-24,Απογευματινή
1047,4,2026-06-24,Νυχτερινή
1048,5,2026-06-24,Πρωινή
1049,5,2026-06-24,Απογευματινή
1050,5,2026-06-24,Νυχτερινή
1051,6,2026-06-24,Πρωινή
1052,6,2026-06-24,Απογευματινή
1053,6,2026-06-24,Νυχτερινή
1054,7,2026-06-24,Πρωινή
1055,7,2026-06-24,Απογευματινή
1056,7,2026-06-24,Νυχτερινή
1057,8,2026-06-24,Πρωινή
1058,8,2026-06-24,Απογευματινή
1059,8,2026-06-24,Νυχτερινή
1060,9,2026-06-24,Πρωινή
1061,9,2026-06-24,Απογευματινή
1062,9,2026-06-24,Νυχτερινή
1063,10,2026-06-24,Πρωινή
1064,10,2026-06-24,Απογευματινή
1065,10,2026-06-24,Νυχτερινή
1066,11,2026-06-24,Πρωινή
1067,11,2026-06-24,Απογευματινή
1068,11,2026-06-24,Νυχτερινή
1069,12,2026-06-24,Πρωινή
1070,12,2026-06-24,Απογευματινή
1071,12,2026-06-24,Νυχτερινή
1072,13,2026-06-24,Πρωινή
1073,13,2026-06-24,Απογευματινή
1074,13,2026-06-24,Νυχτερινή
1075,14,2026-06-24,Πρωινή
1076,14,2026-06-24,Απογευματινή
1077,14,2026-06-24,Νυχτερινή
1078,15,2026-06-24,Πρωινή
1079,15,2026-06-24,Απογευματινή
1080,15,2026-06-24,Νυχτερινή
1081,1,2026-06-25,Πρωινή
1082,1,2026-06-25,Απογευματινή
1083,1,2026-06-25,Νυχτερινή
1084,2,2026-06-25,Πρωινή
1085,2,2026-06-25,Απογευματινή
1086,2,2026-06-25,Νυχτερινή
1087,3,2026-06-25,Πρωινή
1088,3,2026-06-25,Απογευματινή
1089,3,2026-06-25,Νυχτερινή
1090,4,2026-06-25,Πρωινή
1091,4,2026-06-25,Απογευματινή
1092,4,2026-06-25,Νυχτερινή
1093,5,2026-06-25,Πρωινή
1094,5,2026-06-25,Απογευματινή
1095,5,2026-06-25,Νυχτερινή
1096,6,2026-06-25,Πρωινή
1097,6,2026-06-25,Απογευματινή
1098,6,2026-06-25,Νυχτερινή
1099,7,2026-06-25,Πρωινή
1100,7,2026-06-25,Απογευματινή
1101,7,2026-06-25,Νυχτερινή
1102,8,2026-06-25,Πρωινή
1103,8,2026-06-25,Απογευματινή
1104,8,2026-06-25,Νυχτερινή
1105,9,2026-06-25,Πρωινή
1106,9,2026-06-25,Απογευματινή
1107,9,2026-06-25,Νυχτερινή
1108,10,2026-06-25,Πρωινή
1109,10,2026-06-25,Απογευματινή
1110,10,2026-06-25,Νυχτερινή
1111,11,2026-06-25,Πρωινή
1112,11,2026-06-25,Απογευματινή
1113,11,2026-06-25,Νυχτερινή
1114,12,2026-06-25,Πρωινή
1115,12,2026-06-25,Απογευματινή
1116,12,2026-06-25,Νυχτερινή
1117,13,2026-06-25,Πρωινή
1118,13,2026-06-25,Απογευματινή
1119,13,2026-06-25,Νυχτερινή
1120,14,2026-06-25,Πρωινή
1121,14,2026-06-25,Απογευματινή
1122,14,2026-06-25,Νυχτερινή
1123,15,2026-06-25,Πρωινή
1124,15,2026-06-25,Απογευματινή
1125,15,2026-06-25,Νυχτερινή
1126,1,2026-06-26,Πρωινή
1127,1,2026-06-26,Απογευματινή
1128,1,2026-06-26,Νυχτερινή
1129,2,2026-06-26,Πρωινή
1130,2,2026-06-26,Απογευματινή
1131,2,2026-06-26,Νυχτερινή
1132,3,2026-06-26,Πρωινή
1133,3,2026-06-26,Απογευματινή
1134,3,2026-06-26,Νυχτερινή
1135,4,2026-06-26,Πρωινή
1136,4,2026-06-26,Απογευματινή
1137,4,2026-06-26,Νυχτερινή
1138,5,2026-06-26,Πρωινή
1139,5,2026-06-26,Απογευματινή
1140,5,2026-06-26,Νυχτερινή
1141,6,2026-06-26,Πρωινή
1142,6,2026-06-26,Απογευματινή
1143,6,2026-06-26,Νυχτερινή
1144,7,2026-06-26,Πρωινή
1145,7,2026-06-26,Απογευματινή
1146,7,2026-06-26,Νυχτερινή
1147,8,2026-06-26,Πρωινή
1148,8,2026-06-26,Απογευματινή
1149,8,2026-06-26,Νυχτερινή
1150,9,2026-06-26,Πρωινή
1151,9,2026-06-26,Απογευματινή
1152,9,2026-06-26,Νυχτερινή
1153,10,2026-06-26,Πρωινή
1154,10,2026-06-26,Απογευματινή
1155,10,2026-06-26,Νυχτερινή
1156,11,2026-06-26,Πρωινή
1157,11,2026-06-26,Απογευματινή
1158,11,2026-06-26,Νυχτερινή
1159,12,2026-06-26,Πρωινή
1160,12,2026-06-26,Απογευματινή
1161,12,2026-06-26,Νυχτερινή
1162,13,2026-06-26,Πρωινή
1163,13,2026-06-26,Απογευματινή
1164,13,2026-06-26,Νυχτερινή
1165,14,2026-06-26,Πρωινή
1166,14,2026-06-26,Απογευματινή
1167,14,2026-06-26,Νυχτερινή
1168,15,2026-06-26,Πρωινή
1169,15,2026-06-26,Απογευματινή
1170,15,2026-06-26,Νυχτερινή
1171,1,2026-06-27,Πρωινή
1172,1,2026-06-27,Απογευματινή
1173,1,2026-06-27,Νυχτερινή
1174,2,2026-06-27,Πρωινή
1175,2,2026-06-27,Απογευματινή
1176,2,2026-06-27,Νυχτερινή
1177,3,2026-06-27,Πρωινή
1178,3,2026-06-27,Απογευματινή
1179,3,2026-06-27,Νυχτερινή
1180,4,2026-06-27,Πρωινή
1181,4,2026-06-27,Απογευματινή
1182,4,2026-06-27,Νυχτερινή
1183,5,2026-06-27,Πρωινή
1184,5,2026-06-27,Απογευματινή
1185,5,2026-06-27,Νυχτερινή
1186,6,2026-06-27,Πρωινή
1187,6,2026-06-27,Απογευματινή
1188,6,2026-06-27,Νυχτερινή
1189,7,2026-06-27,Πρωινή
1190,7,2026-06-27,Απογευματινή
1191,7,2026-06-27,Νυχτερινή
1192,8,2026-06-27,Πρωινή
1193,8,2026-06-27,Απογευματινή
1194,8,2026-06-27,Νυχτερινή
1195,9,2026-06-27,Πρωινή
1196,9,2026-06-27,Απογευματινή
1197,9,2026-06-27,Νυχτερινή
1198,10,2026-06-27,Πρωινή
1199,10,2026-06-27,Απογευματινή
1200,10,2026-06-27,Νυχτερινή
1201,11,2026-06-27,Πρωινή
1202,11,2026-06-27,Απογευματινή
1203,11,2026-06-27,Νυχτερινή
1204,12,2026-06-27,Πρωινή
1205,12,2026-06-27,Απογευματινή
1206,12,2026-06-27,Νυχτερινή
1207,13,2026-06-27,Πρωινή
1208,13,2026-06-27,Απογευματινή
1209,13,2026-06-27,Νυχτερινή
1210,14,2026-06-27,Πρωινή
1211,14,2026-06-27,Απογευματινή
1212,14,2026-06-27,Νυχτερινή
1213,15,2026-06-27,Πρωινή
1214,15,2026-06-27,Απογευματινή
1215,15,2026-06-27,Νυχτερινή
1216,1,2026-06-28,Πρωινή
1217,1,2026-06-28,Απογευματινή
1218,1,2026-06-28,Νυχτερινή
1219,2,2026-06-28,Πρωινή
1220,2,2026-06-28,Απογευματινή
1221,2,2026-06-28,Νυχτερινή
1222,3,2026-06-28,Πρωινή
1223,3,2026-06-28,Απογευματινή
1224,3,2026-06-28,Νυχτερινή
1225,4,2026-06-28,Πρωινή
1226,4,2026-06-28,Απογευματινή
1227,4,2026-06-28,Νυχτερινή
1228,5,2026-06-28,Πρωινή
1229,5,2026-06-28,Απογευματινή
1230,5,2026-06-28,Νυχτερινή
1231,6,2026-06-28,Πρωινή
1232,6,2026-06-28,Απογευματινή
1233,6,2026-06-28,Νυχτερινή
1234,7,2026-06-28,Πρωινή
1235,7,2026-06-28,Απογευματινή
1236,7,2026-06-28,Νυχτερινή
1237,8,2026-06-28,Πρωινή
1238,8,2026-06-28,Απογευματινή
1239,8,2026-06-28,Νυχτερινή
1240,9,2026-06-28,Πρωινή
1241,9,2026-06-28,Απογευματινή
1242,9,2026-06-28,Νυχτερινή
1243,10,2026-06-28,Πρωινή
1244,10,2026-06-28,Απογευματινή
1245,10,2026-06-28,Νυχτερινή
1246,11,2026-06-28,Πρωινή
1247,11,2026-06-28,Απογευματινή
1248,11,2026-06-28,Νυχτερινή
1249,12,2026-06-28,Πρωινή
1250,12,2026-06-28,Απογευματινή
1251,12,2026-06-28,Νυχτερινή
1252,13,2026-06-28,Πρωινή
1253,13,2026-06-28,Απογευματινή
1254,13,2026-06-28,Νυχτερινή
1255,14,2026-06-28,Πρωινή
1256,14,2026-06-28,Απογευματινή
1257,14,2026-06-28,Νυχτερινή
1258,15,2026-06-28,Πρωινή
1259,15,2026-06-28,Απογευματινή
1260,15,2026-06-28,Νυχτερινή
1261,1,2026-06-29,Πρωινή
1262,1,2026-06-29,Απογευματινή
1263,1,2026-06-29,Νυχτερινή
1264,2,2026-06-29,Πρωινή
1265,2,2026-06-29,Απογευματινή
1266,2,2026-06-29,Νυχτερινή
1267,3,2026-06-29,Πρωινή
1268,3,2026-06-29,Απογευματινή
1269,3,2026-06-29,Νυχτερινή
1270,4,2026-06-29,Πρωινή
1271,4,2026-06-29,Απογευματινή
1272,4,2026-06-29,Νυχτερινή
1273,5,2026-06-29,Πρωινή
1274,5,2026-06-29,Απογευματινή
1275,5,2026-06-29,Νυχτερινή
1276,6,2026-06-29,Πρωινή
1277,6,2026-06-29,Απογευματινή
1278,6,2026-06-29,Νυχτερινή
1279,7,2026-06-29,Πρωινή
1280,7,2026-06-29,Απογευματινή
1281,7,2026-06-29,Νυχτερινή
1282,8,2026-06-29,Πρωινή
1283,8,2026-06-29,Απογευματινή
1284,8,2026-06-29,Νυχτερινή
1285,9,2026-06-29,Πρωινή
1286,9,2026-06-29,Απογευματινή
1287,9,2026-06-29,Νυχτερινή
1288,10,2026-06-29,Πρωινή
1289,10,2026-06-29,Απογευματινή
1290,10,2026-06-29,Νυχτερινή
1291,11,2026-06-29,Πρωινή
1292,11,2026-06-29,Απογευματινή
1293,11,2026-06-29,Νυχτερινή
1294,12,2026-06-29,Πρωινή
1295,12,2026-06-29,Απογευματινή
1296,12,2026-06-29,Νυχτερινή
1297,13,2026-06-29,Πρωινή
1298,13,2026-06-29,Απογευματινή
1299,13,2026-06-29,Νυχτερινή
1300,14,2026-06-29,Πρωινή
1301,14,2026-06-29,Απογευματινή
1302,14,2026-06-29,Νυχτερινή
1303,15,2026-06-29,Πρωινή
1304,15,2026-06-29,Απογευματινή
1305,15,2026-06-29,Νυχτερινή
1306,1,2026-06-30,Πρωινή
1307,1,2026-06-30,Απογευματινή
1308,1,2026-06-30,Νυχτερινή
1309,2,2026-06-30,Πρωινή
1310,2,2026-06-30,Απογευματινή
1311,2,2026-06-30,Νυχτερινή
1312,3,2026-06-30,Πρωινή
1313,3,2026-06-30,Απογευματινή
1314,3,2026-06-30,Νυχτερινή
1315,4,2026-06-30,Πρωινή
1316,4,2026-06-30,Απογευματινή
1317,4,2026-06-30,Νυχτερινή
1318,5,2026-06-30,Πρωινή
1319,5,2026-06-30,Απογευματινή
1320,5,2026-06-30,Νυχτερινή
1321,6,2026-06-30,Πρωινή
1322,6,2026-06-30,Απογευματινή
1323,6,2026-06-30,Νυχτερινή
1324,7,2026-06-30,Πρωινή
1325,7,2026-06-30,Απογευματινή
1326,7,2026-06-30,Νυχτερινή
1327,8,2026-06-30,Πρωινή
1328,8,2026-06-30,Απογευματινή
1329,8,2026-06-30,Νυχτερινή
1330,9,2026-06-30,Πρωινή
1331,9,2026-06-30,Απογευματινή
1332,9,2026-06-30,Νυχτερινή
1333,10,2026-06-30,Πρωινή
1334,10,2026-06-30,Απογευματινή
1335,10,2026-06-30,Νυχτερινή
1336,11,2026-06-30,Πρωινή
1337,11,2026-06-30,Απογευματινή
1338,11,2026-06-30,Νυχτερινή
1339,12,2026-06-30,Πρωινή
1340,12,2026-06-30,Απογευματινή
1341,12,2026-06-30,Νυχτερινή
1342,13,2026-06-30,Πρωινή
1343,13,2026-06-30,Απογευματινή
1344,13,2026-06-30,Νυχτερινή
1345,14,2026-06-30,Πρωινή
1346,14,2026-06-30,Απογευματινή
1347,14,2026-06-30,Νυχτερινή
1348,15,2026-06-30,Πρωινή
1349,15,2026-06-30,Απογευματινή
1350,15,2026-06-30,Νυχτερινή
