Κωδικός,Όνομα,Κατηγορία,Διάρκεια (λεπτά),Κόστος (€),Χώρος,Κύριος Ιατρός,Βοηθός 1,Βοηθός 2
Α400001,"ΑΝΑΙΣΘΗΣΙΑ ΓΙΑ ΕΠΕΜΒΑΣΕΙΣ ΠΟΥ ΑΦΟΡΟΥΝ ΤΟΥΣ ΣΙΕΛΟΓΟΝΟΥΣ ΑΔΕΝΕΣ, ΣΥΜΠΕΡΙΛΑΜΒΑΝΟΜΕΝΗΣ ΤΗΣ ΒΙΟΨΙΑΣ",θεραπευτική,89,824,αίθουσα επέμβασης,Courtney Thompson,Kelly Grimes,Melissa Murphy
Α400005,ΑΝΑΙΣΘΗΣΙΑ ΓΙΑ ΕΠΕΜΒΑΣΕΙΣ ΣΧΕΤΙΚΕΣ ΜΕ ΤΗΝ ΠΛΑΣΤΙΚΗ ΔΙΟΡΘΩΣΗ ΧΕΙΛΕΟΣΧΙΣΤΙΑΣ (ΛΥΚΟΣΤΟΜΑ),χειρουργική,176,1326,χειρουργείο,Michael Valencia,Tiffany Webster,Evan Henry
Α400007,ΑΝΑΙΣΘΗΣΙΑ ΓΙΑ ΕΠΕΜΒΑΣΕΙΣ ΕΠΑΝΟΡΘΩΤΙΚΗΣ ΧΕΙΡΟΥΡΓΙΚΗΣ ΒΛΕΦΑΡΩΝ (Π.Χ. ΒΛΕΦΑΡΟΠΛΑΣΤΙΚΗ ΕΓΧΕΙΡΗΣΗ ΒΛΕΦΑΡΟΠΤΩΣΗΣ),χειρουργική,177,4456,χειρουργείο,Kristy Griffin,Jason Nelson,Troy Horton
Α400009,ΑΝΑΙΣΘΗΣΙΑ ΓΙΑ ΗΛΕΚΤΡΟΣΠΑΣΜΟΘΕΡΑΠΕΙΑ,θεραπευτική,51,631,αίθουσα επέμβασης,Barbara Baird,Anthony Rhodes,Andrew Schwartz
Α400041,"ΑΝΑΙΣΘΗΣΙΑ ΓΙΑ ΕΠΕΜΒΑΣΕΙΣ ΠΟΥ ΑΦΟΡΟΥΝ ΤΟ ΕΞΩ, ΤΟ ΜΕΣΟΝ ΚΑΙ ΤΟ ΕΣΩ ΟΥΣ, ΣΥΜΠΕΡΙΛΑΜΒΑΝΟΜΕΝΗΣ ΤΗΣ ΒΙΟΨΙΑΣ. ΔΕΝ ΠΡΟΣΔΙΟΡΙΖΕΤΑΙ ΠΕΡΑΙΤΕΡΩ",θεραπευτική,69,420,αίθουσα επέμβασης,Matthew Bennett,Tiffany Webster,Elizabeth Pace
Α400049,"ΑΝΑΙΣΘΗΣΙΑ ΓΙΑ ΕΠΕΜΒΑΣΕΙΣ ΠΟΥ ΑΦΟΡΟΥΝ ΤΟ ΕΞΩ, ΤΟ ΜΕΣΟΝ ΚΑΙ ΤΟ ΕΣΩ ΟΥΣ, ΣΥΜΠΕΡΙΛΑΜΒΑΝΟΜΕΝΗΣ ΤΗΣ ΒΙΟΨΙΑΣ. ΩΤΟΣΚΟΠΗΣΗ",θεραπευτική,53,413,αίθουσα επέμβασης,Anthony Rhodes,Laura Beltran,Courtney Thompson
Α400053,"ΑΝΑΙΣΘΗΣΙΑ ΓΙΑ ΕΠΕΜΒΑΣΕΙΣ ΠΟΥ ΑΦΟΡΟΥΝ ΤΟ ΕΞΩ, ΤΟ ΜΕΣΟΝ ΚΑΙ ΤΟ ΕΣΩ ΟΥΣ, ΣΥΜΠΕΡΙΛΑΜΒΑΝΟΜΕΝΗΣ ΤΗΣ ΒΙΟΨΙΑΣ. ΤΟΜΗ ΤΥΜΠΑΝΙΚΟΥ ΥΜΕΝΑ",χειρουργική,258,4175,χειρουργείο,Rachel Ortiz,William Daniels,Michael Valencia
Α400081,ΑΝΑΙΣΘΗΣΙΑ ΓΙΑ ΕΠΕΜΒΑΣΕΙΣ ΠΟΥ ΑΦΟΡΟΥΝ ΤΟΝ ΟΦΘΑΛΜΟ. ΔΕΝ ΠΡΟΣΔΙΟΡΙΖΕΤΑΙ ΠΕΡΑΙΤΕΡΩ,θεραπευτική,39,348,αίθουσα επέμβασης,Thomas Norris,Vanessa Davis,Michelle Henderson
Α400085,ΑΝΑΙΣΘΗΣΙΑ ΓΙΑ ΕΠΕΜΒΑΣΕΙΣ ΠΟΥ ΑΦΟΡΟΥΝ ΤΟΝ ΟΦΘΑΛΜΟ. ΧΕΙΡΟΥΡΓΙΚΗ ΦΑΚΩΝ,χειρουργική,199,1589,χειρουργείο,Shannon Walker,Andrew Schwartz,Thomas Norris
Α400089,ΑΝΑΙΣΘΗΣΙΑ ΓΙΑ ΕΠΕΜΒΑΣΕΙΣ ΠΟΥ ΑΦΟΡΟΥΝ ΤΟΝ ΟΦΘΑΛΜΟ. ΜΕΤΑΜΟΣΧΕΥΣΗ ΚΕΡΑΤΟΕΙΔΟΥΣ,θεραπευτική,48,422,αίθουσα επέμβασης,Kelsey Barrera,Calvin Rowe,Cheryl Sanchez
Α400091,ΑΝΑΙΣΘΗΣΙΑ ΓΙΑ ΕΠΕΜΒΑΣΕΙΣ ΠΟΥ ΑΦΟΡΟΥΝ ΤΟΝ ΟΦΘΑΛΜΟ. ΥΑΛΟΕΙΔΟ-ΑΜΦΙΒΛΗΣΤΡΟΕΙΔΙΚΗ ΧΕΙΡΟΥΡΓΙΚΗ,χειρουργική,299,932,χειρουργείο,Melissa Murphy,Shannon Walker,Lori Taylor
Α400095,ΑΝΑΙΣΘΗΣΙΑ ΓΙΑ ΕΠΕΜΒΑΣΕΙΣ ΠΟΥ ΑΦΟΡΟΥΝ ΤΟΝ ΟΦΘΑΛΜΟ. ΙΡΙΔΕΚΤΟΜΗ,χειρουργική,288,1033,χειρουργείο,Lisa Kane,Jared Allen,Rachel Ortiz
Α400097,ΑΝΑΙΣΘΗΣΙΑ ΓΙΑ ΕΠΕΜΒΑΣΕΙΣ ΠΟΥ ΑΦΟΡΟΥΝ ΤΟΝ ΟΦΘΑΛΜΟ. ΟΦΘΑΛΜΟΣΚΟΠΗΣΗ,θεραπευτική,53,200,αίθουσα επέμβασης,April Carson,Andrew Schwartz,Michael Valencia
Α400121,ΑΝΑΙΣΘΗΣΙΑ ΓΙΑ ΕΠΕΜΒΑΣΕΙΣ ΠΟΥ ΑΦΟΡΟΥΝ ΤΗ ΡΙΝΑ ΚΑΙ ΕΠΙΚΟΥΡΙΚΕΣ ΚΟΙΛΟΤΗΤΕΣ. ΔΕΝ ΠΡΟΣΔΙΟΡΙΖΕΤΑΙ ΠΕΡΑΙΤΕΡΩ,θεραπευτική,66,736,αίθουσα επέμβασης,Lauren Daniels,Shannon Walker,Dillon Jones
Α400125,ΑΝΑΙΣΘΗΣΙΑ ΓΙΑ ΕΠΕΜΒΑΣΕΙΣ ΠΟΥ ΑΦΟΡΟΥΝ ΤΗ ΡΙΝΑ ΚΑΙ ΕΠΙΚΟΥΡΙΚΕΣ ΚΟΙΛΟΤΗΤΕΣ. ΡΙΖΙΚΗ ΕΠΕΜΒΑΣΗ,χειρουργική,164,1440,χειρουργείο,Brian Dennis,Troy Grant,Jennifer Washington
Α400129,"ΑΝΑΙΣΘΗΣΙΑ ΓΙΑ ΕΠΕΜΒΑΣΕΙΣ ΠΟΥ ΑΦΟΡΟΥΝ ΤΗ ΡΙΝΑ ΚΑΙ ΕΠΙΚΟΥΡΙΚΕΣ ΚΟΙΛΟΤΗΤΕΣ. ΒΙΟΨΙΑ, ΜΑΛΑΚΟΣ ΙΣΤΟΣ",θεραπευτική,38,851,αίθουσα επέμβασης,Troy Horton,Steven Johns,Andrew Schwartz
Α400141,"ΑΝΑΙΣΘΗΣΙΑ ΓΙΑ ΕΝΔΟΣΤΟΜΑΤΙΚΕΣ ΕΠΕΜΒΑΣΕΙΣ, ΣΥΜΠΕΡΙΛΑΜΒΑΝΟΜΕΝΗΣ ΤΗΣ ΒΙΟΨΙΑΣ. ΔΕΝ ΠΡΟΣΔΙΟΡΙΖΕΤΑΙ ΠΕΡΑΙΤΕΡΩ",θεραπευτική,46,891,αίθουσα επέμβασης,William Steele,Evan Henry,Melissa Murphy
Α400145,"ΑΝΑΙΣΘΗΣΙΑ ΓΙΑ ΕΝΔΟΣΤΟΜΑΤΙΚΕΣ ΕΠΕΜΒΑΣΕΙΣ, ΣΥΜΠΕΡΙΛΑΜΒΑΝΟΜΕΝΗΣ ΤΗΣ ΒΙΟΨΙΑΣ. ΑΠΟΚΑΤΑΣΤΑΣΗ ΥΠΕΡΩΙΟΣΧΙΣΤΙΑΣ (ΛΥΚΟΣΤΟΜΑ)",χειρουργική,222,3731,χειρουργείο,Anthony Rhodes,Tracy Allen,Joshua Dennis
Α400149,"ΑΝΑΙΣΘΗΣΙΑ ΓΙΑ ΕΝΔΟΣΤΟΜΑΤΙΚΕΣ ΕΠΕΜΒΑΣΕΙΣ, ΣΥΜΠΕΡΙΛΑΜΒΑΝΟΜΕΝΗΣ ΤΗΣ ΒΙΟΨΙΑΣ. ΕΚΤΟΜΗ ΟΠΙΣΘΟΦΑΡΥΓΓΙΚΟΥ ΟΓΚΟΥ",χειρουργική,171,3537,χειρουργείο,Robert Chen,Hannah Cruz,Elizabeth Pace
Α400181,ΑΝΑΙΣΘΗΣΙΑ ΓΙΑ ΕΠΕΜΒΑΣΕΙΣ ΠΟΥ ΑΦΟΡΟΥΝ TA ΟΣΤΑ ΤΟΥ ΠΡΟΣΩΠΟΥ Ή ΤΟ ΚΡΑΝΙΟ.ΔΕΝ ΠΡΟΣΔΙΟΡΙΖΕΤΑΙ ΠΕΡΑΙΤΕΡΩ,θεραπευτική,73,547,αίθουσα επέμβασης,Tiffany Webster,Victor Williams,Alec Rojas
Α400185,ΑΝΑΙΣΘΗΣΙΑ ΓΙΑ ΕΠΕΜΒΑΣΕΙΣ ΠΟΥ ΑΦΟΡΟΥΝ ΤΑ ΟΣΤΑ ΤΟΥ ΠΡΟΣΩΠΟΥ Ή ΤΟ ΚΡΑΝΙΟ.ΡΙΖΙΚΗ ΕΠΕΜΒΑΣΗ (ΣΥΜΠΕΡΙΛΑΜΒΑΝΟΜΕΝΟΥ ΤΟΥ ΠΡΟΓΝΑΘΙΣΜΟΥ),χειρουργική,227,3671,χειρουργείο,Calvin Rowe,Jennifer Washington,April Carson
Α400221,ΑΝΑΙΣΘΗΣΙΑ ΓΙΑ ΕΝΔΟΚΡΑΝΙΑΚΕΣ ΕΠΕΜΒΑΣΕΙΣ. ΔΕΝ ΠΡΟΣΔΙΟΡΙΖΕΤΑΙ ΠΕΡΑΙΤΕΡΩ,θεραπευτική,88,662,αίθουσα επέμβασης,Barbara Baird,Michael Cook,Michael Smith
Α400223,ΑΝΑΙΣΘΗΣΙΑ ΓΙΑ ΕΝΔΟΚΡΑΝΙΑΚΕΣ ΕΠΕΜΒΑΣΕΙΣ. ΚΡΑΝΙΟΤΟΜΗ Ή ΚΡΑΝΙΕΚΤΟΜΗ ΓΙΑ ΤΗΝ ΠΑΡΟΧΕΤΕΥΣΗ ΑΙΜΑΤΩΜΑΤΟΣ,χειρουργική,119,966,χειρουργείο,Vanessa Davis,Joseph Gill,Michael Smith
Α400225,ΑΝΑΙΣΘΗΣΙΑ ΓΙΑ ΕΝΔΟΚΡΑΝΙΑΚΕΣ ΕΠΕΜΒΑΣΕΙΣ. ΥΠΟΣΚΛΗΡΙΔΙΕΣ ΠΑΡΑΚΕΝΤΗΣΕΙΣ,θεραπευτική,64,212,αίθουσα επέμβασης,Tracy Allen,George Foster,Steven Johns
Α400229,"ΑΝΑΙΣΘΗΣΙΑ ΓΙΑ ΕΝΔΟΚΡΑΝΙΑΚΕΣ ΕΠΕΜΒΑΣΕΙΣ. ΟΠΕΣ ΚΡΑΝΙΟΑΝΑΤΡΗΣΗΣ, ΣΥΜΠΕΡΙΛΑΜΒΑΝΟΜΕΝΗΣ ΤΗΣ ΚΟΙΛΙΟΓΡΑΦΙΑΣ",θεραπευτική,58,278,αίθουσα επέμβασης,Michael Garcia,Stephanie Todd,Michael Cook
Α400231,"ΑΝΑΙΣΘΗΣΙΑ ΓΙΑ ΕΝΔΟΚΡΑΝΙΑΚΕΣ ΕΠΕΜΒΑΣΕΙΣ. ΚΡΑΝΙΟΠΛΑΣΤΙΚΗ Ή ΕΠΑΝΑΦΟΡΑ ΣΥΜΠΙΕΣΤΙΚΟΥ ΚΡΑΝΙΑΚΟΥ ΚΑΤΑΓΜΑΤΟΣ, ΕΠΙΣΚΛΗΡΙΔΙΟΥ (ΑΠΛΟΥ Ή ΣΥΝΘΕΤΟΥ)",χειρουργική,154,1209,χειρουργείο,Alec Rojas,Brian Dennis,Joy Wood
Α400233,ΑΝΑΙΣΘΗΣΙΑ ΓΙΑ ΕΝΔΟΚΡΑΝΙΑΚΕΣ ΕΠΕΜΒΑΣΕΙΣ. ΕΠΕΜΒΑΣΕΙΣ ΠΟΥ ΑΦΟΡΟΥΝ ΑΓΓΕΙΑ,θεραπευτική,50,373,αίθουσα επέμβασης,Ian Wiggins,Kathy Jones,Leonard Porter
Α400237,ΑΝΑΙΣΘΗΣΙΑ ΓΙΑ ΕΝΔΟΚΡΑΝΙΑΚΕΣ ΕΠΕΜΒΑΣΕΙΣ. ΕΠΕΜΒΑΣΕΙΣ ΜΕ ΤΟΝ ΑΣΘΕΝΗ ΣΕ ΚΑΘΙΣΤΗ ΣΤΑΣΗ,θεραπευτική,37,854,αίθουσα επέμβασης,Shannon Walker,Andrew Choi,Joshua Dennis
Α400241,ΑΝΑΙΣΘΗΣΙΑ ΓΙΑ ΕΝΔΟΚΡΑΝΙΑΚΕΣ ΕΠΕΜΒΑΣΕΙΣ. ΕΠΕΜΒΑΣΕΙΣ ΠΑΡΟΧΕΤΕΥΣΗΣ ΕΓΚΕΦΑΛΟΝΩΤΙΑΙΟΥ ΥΓΡΟΥ,θεραπευτική,49,288,αίθουσα επέμβασης,Barbara Baird,Matthew Cooke,Melissa Murphy
Α400245,ΑΝΑΙΣΘΗΣΙΑ ΓΙΑ ΕΝΔΟΚΡΑΝΙΑΚΕΣ ΕΠΕΜΒΑΣΕΙΣ. ΗΛΕΚΤΡΟΚΑΥΤΗΡΙΑΣΗ ΤΟΥ ΕΝΔΟΚΡΑΝΙΑΚΟΥ ΝΕΥΡΟΥ,θεραπευτική,63,764,αίθουσα επέμβασης,Richard Reed,Clayton Rodriguez,Andrew Choi
Α400401,"ΑΝΑΙΣΘΗΣΙΑ ΓΙΑ ΟΛΕΣ ΤΙΣ ΕΠΕΜΒΑΣΕΙΣ ΠΟΥ ΑΦΟΡΟΥΝ ΤΟ ΔΕΡΜΑ, ΤΟΥΣ ΜΥΕΣ ΚΑΙ ΤΑ ΝΕΥΡΑ ΤΗΣ ΚΕΦΑΛΗΣ, ΤΟΥ ΑΥΧΕΝΑ ΚΑΙ ΤΟΥ ΟΠΙΣΘΙΟΥ ΤΜΗΜΑΤΟΣ ΤΟΥ ΚΟΡΜΟΥ. ΔΕΝ ΠΡΟΣΔΙΟΡΙΖΕΤΑΙ ΠΕΡΑΙΤΕΡΩ",θεραπευτική,79,205,αίθουσα επέμβασης,Dillon Jones,Lauren Smith,Kelsey Barrera
Α400441,"ΑΝΑΙΣΘΗΣΙΑ ΓΙΑ ΟΛΕΣ ΤΙΣ ΕΠΕΜΒΑΣΕΙΣ ΠΟΥ ΑΦΟΡΟΥΝ ΤΟΝ ΟΙΣΟΦΑΓΟ, ΤΟΝ ΘΥΡΕΟΕΙΔΗ, ΤΟΝ ΛΑΡΥΓΓΑ, ΤΗΝ ΤΡΑΧΕΙΑ ΚΑΙ ΤΟ ΛΕΜΦΙΚΟ ΣΥΣΤΗΜΑ ΤΟΥ ΑΥΧΕΝΑ. ΔΕΝ ΠΡΟΣΔΙΟΡΙΖΕΤΑΙ ΠΕΡΑΙΤΕΡΩ, ΓΙΑ ΗΛΙΚΙΕΣ ΕΝΟΣ ΕΤΟΥΣ ΚΑΙ ΠΑΝΩ",θεραπευτική,69,670,αίθουσα επέμβασης,Lisa Kane,Michael Cook,Robert Chen
Α400445,"ΑΝΑΙΣΘΗΣΙΑ ΓΙΑ ΟΛΕΣ ΤΙΣ ΕΠΕΜΒΑΣΕΙΣ ΠΟΥ ΑΦΟΡΟΥΝ ΤΟΝ ΟΙΣΟΦΑΓΟ, ΤΟΝ ΘΥΡΕΟΕΙΔΗ, ΤΟΝ ΛΑΡΥΓΓΑ, ΤΗΝ ΤΡΑΧΕΙΑ ΚΑΙ ΤΟ ΛΕΜΦΙΚΟ ΣΥΣΤΗΜΑ ΤΟΥ ΑΥΧΕΝΑ. ΒΙΟΨΙΑ ΔΙ' ΑΝΑΡΡΟΦΗΣΗΣ ΜΕ ΒΕΛΟΝΑ ΑΠΟ ΤΟΝ ΘΥΡΕΟΕΙΔΗ",θεραπευτική,85,422,αίθουσα επέμβασης,Tracy Allen,Jose Spencer,Ian Wiggins
Α400453,ΑΝΑΙΣΘΗΣΙΑ ΓΙΑ ΟΛΕΣ ΤΙΣ ΕΠΕΜΒΑΣΕΙΣ ΠΟΥ ΑΦΟΡΟΥΝ ΤΟΝ ΛΑΡΥΓΓΑ ΚΑΙ ΤΗΝ ΤΡΑΧΕΙΑ ΣΕ ΠΑΙΔΙΑ ΜΙΚΡΟΤΕΡΑ ΤΟΥ ΕΝΟΣ ΕΤΟΥΣ,θεραπευτική,34,468,αίθουσα επέμβασης,John Molina,Andrew Schwartz,Michael Smith
Α400501,ΑΝΑΙΣΘΗΣΙΑ ΓΙΑ ΕΠΕΜΒΑΣΕΙΣ ΠΟΥ ΑΦΟΡΟΥΝ ΤΑ ΚΥΡΙΑ ΑΓΓΕΙΑ ΤΟΥ ΑΥΧΕΝΑ. ΔΕΝ ΠΡΟΣΔΙΟΡΙΖΕΤΑΙ ΠΕΡΑΙΤΕΡΩ,θεραπευτική,50,640,αίθουσα επέμβασης,George Foster,Ashley Long,Phillip Wright
Α400505,ΑΝΑΙΣΘΗΣΙΑ ΓΙΑ ΕΠΕΜΒΑΣΕΙΣ ΠΟΥ ΑΦΟΡΟΥΝ ΤΑ ΚΥΡΙΑ ΑΓΓΕΙΑ ΤΟΥ ΑΥΧΕΝΑ. ΑΠΛΗ ΑΠΟΛΙΝΩΣΗ,θεραπευτική,32,683,αίθουσα επέμβασης,Jose Spencer,Michael Valencia,Alec Rojas
Α400601,"ΑΝΑΙΣΘΗΣΙΑ ΓΙΑ ΕΠΕΜΒΑΣΕΙΣ ΠΟΥ ΑΦΟΡΟΥΝ ΤΟ ΔΕΡΜΑ ΣΤΑ ΑΚΡΑ, ΤΟ ΠΡΟΣΘΙΟ ΤΜΗΜΑ ΤΟΥ ΚΟΡΜΟΥ ΚΑΙ ΤΟ ΠΕΡΙΝΕΟ. ΔΕΝ ΠΡΟΣΔΙΟΡΙΖΕΤΑΙ ΠΕΡΑΙΤΕΡΩ",θεραπευτική,48,699,αίθουσα επέμβασης,William Daniels,Calvin Rowe,Jerry Garcia
Α400605,"ΑΝΑΙΣΘΗΣΙΑ ΓΙΑ ΕΠΕΜΒΑΣΕΙΣ ΠΟΥ ΑΦΟΡΟΥΝ ΤΟ ΔΕΡΜΑ ΣΤΑ ΑΚΡΑ, ΤΟ ΠΡΟΣΘΙΟ ΤΜΗΜΑ ΤΟΥ ΚΟΡΜΟΥ ΚΑΙ ΤΟ ΠΕΡΙΝΕΟ. ΕΠΑΝΟΡΘΩΤΙΚΕΣ ΕΠΕΜΒΑΣΕΙΣ ΣΤΟ ΓΥΝΑΙΚΕΙΟ ΣΤΗΘΟΣ (Π.Χ. ΜΕΙΩΤΙΚΗ Ή ΑΥΞΗΤΙΚΗ ΠΛΑΣΤΙΚΗ ΣΤΗΘΟΥΣ, ΜΥΙΚΟΙ ΚΡΗΜΝΟΙ)",χειρουργική,138,3462,χειρουργείο,Anthony Rhodes,Tiffany Martinez,Hannah Cruz
Α400613,"ΑΝΑΙΣΘΗΣΙΑ ΓΙΑ ΕΠΕΜΒΑΣΕΙΣ ΠΟΥ ΑΦΟΡΟΥΝ ΤΟ ΔΕΡΜΑ ΣΤΑ ΑΚΡΑ, ΤΟ ΠΡΟΣΘΙΟ ΤΜΗΜΑ ΤΟΥ ΚΟΡΜΟΥ ΚΑΙ ΤΟ ΠΕΡΙΝΕΟ. ΡΙΖΙΚΕΣ Ή ΤΡΟΠΟΠΟΙΗΜΕΝΕΣ-ΡΙΖΙΚΕΣ ΕΠΕΜΒΑΣΕΙΣ ΠΟΥ ΑΦΟΡΟΥΝ ΤΟ ΓΥΝΑΙΚΕΙΟ ΣΤΗΘΟΣ ΜΕ ΕΚΤΟΜΗ ΟΖΟΥ",χειρουργική,146,816,χειρουργείο,David Flores,Hannah Cruz,Leonard Porter
Α400621,"ΑΝΑΙΣΘΗΣΙΑ ΓΙΑ ΕΠΕΜΒΑΣΕΙΣ ΠΟΥ ΑΦΟΡΟΥΝ ΤΟ ΔΕΡΜΑ ΣΤΑ ΑΚΡΑ, ΤΟ ΠΡΟΣΘΙΟ ΤΜΗΜΑ ΤΟΥ ΚΟΡΜΟΥ ΚΑΙ ΤΟ ΠΕΡΙΝΕΟ. ΗΛΕΚΤΡΙΚΗ ΑΝΑΤΑΞΗ ΑΡΡΥΘΜΙΩΝ",θεραπευτική,69,235,αίθουσα επέμβασης,Anthony Rhodes,Melissa Murphy,Brian Dennis
Α400701,ΑΝΑΙΣΘΗΣΙΑ ΓΙΑ ΕΠΕΜΒΑΣΕΙΣ ΠΟΥ ΑΦΟΡΟΥΝ ΤΗΝ ΚΛΕΙΔΑ ΚΑΙ ΤΗΝ ΩΜΟΠΛΑΤΗ. ΔΕΝ ΠΡΟΣΔΙΟΡΙΖΕΤΑΙ ΠΕΡΑΙΤΕΡΩ,θεραπευτική,59,558,αίθουσα επέμβασης,Troy Horton,Anthony Harris,Andrew Choi
Α400705,ΑΝΑΙΣΘΗΣΙΑ ΓΙΑ ΕΠΕΜΒΑΣΕΙΣ ΠΟΥ ΑΦΟΡΟΥΝ ΤΗΝ ΚΛΕΙΔΑ ΚΑΙ ΤΗΝ ΩΜΟΠΛΑΤΗ. ΡΙΖΙΚΗ ΕΠΕΜΒΑΣΗ,χειρουργική,76,1384,χειρουργείο,Barry Morgan,Kelly Grimes,William Steele
Α400709,ΑΝΑΙΣΘΗΣΙΑ ΓΙΑ ΕΠΕΜΒΑΣΕΙΣ ΠΟΥ ΑΦΟΡΟΥΝ ΤΗΝ ΚΛΕΙΔΑ ΚΑΙ ΤΗΝ ΩΜΟΠΛΑΤΗ. ΒΙΟΨΙΑ ΣΤΗΝ ΚΛΕΙΔΑ,θεραπευτική,67,391,αίθουσα επέμβασης,Robert Chen,Ian Wiggins,Victor Williams
Α400741,ΑΝΑΙΣΘΗΣΙΑ ΓΙΑ ΜΕΡΙΚΗ ΕΚΤΟΜΗ ΤΩΝ ΠΛΕΥΡΩΝ. ΔΕΝ ΠΡΟΣΔΙΟΡΙΖΕΤΑΙ ΠΕΡΑΙΤΕΡΩ,χειρουργική,255,3885,χειρουργείο,Michael Cook,Lauren Smith,Kathy Jones
Α400745,ΑΝΑΙΣΘΗΣΙΑ ΓΙΑ ΜΕΡΙΚΗ ΕΚΤΟΜΗ ΤΩΝ ΠΛΕΥΡΩΝ. ΘΩΡΑΚΟΠΛΑΣΤΙΚΗ (ΟΠΟΙΟΥΔΗΠΟΤΕ ΕΙΔΟΥΣ),χειρουργική,253,1271,χειρουργείο,Lindsey Gardner,Troy Grant,Kathy Jones
Α400749,ΑΝΑΙΣΘΗΣΙΑ ΓΙΑ ΜΕΡΙΚΗ ΕΚΤΟΜΗ ΤΩΝ ΠΛΕΥΡΩΝ. ΡΙΖΙΚΕΣ ΕΠΕΜΒΑΣΕΙΣ (Π.Χ. ΘΩΡΑΚΑΣ ΥΠΟΔΗΜΑΤΟΠΟΙΩΝ),χειρουργική,169,3383,χειρουργείο,Anthony Harris,Brian Dennis,Hannah Cruz
Α400801,ΑΝΑΙΣΘΗΣΙΑ ΓΙΑ ΟΛΕΣ ΤΙΣ ΕΠΕΜΒΑΣΕΙΣ ΠΟΥ ΑΦΟΡΟΥΝ ΤΟΝ ΟΙΣΟΦΑΓΟ,θεραπευτική,50,341,αίθουσα επέμβασης,Kathy Jones,Hannah Cruz,Jason Nelson
Α400841,ΑΝΑΙΣΘΗΣΙΑ ΓΙΑ ΕΠΕΜΒΑΣΕΙΣ ΜΕ ΚΛΕΙΣΤΟ ΘΩΡΑΚΙΚΟ ΤΟΙΧΩΜΑ. (ΣΥΜΠΕΡΙΛΑΜΒΑΝΟΜΕΝΗΣ ΤΗΣ ΒΡΟΓΧΟΣΚΟΠΗΣΗΣ) ΔΕΝ ΠΡΟΣΔΙΟΡΙΖΕΤΑΙ ΠΕΡΑΙΤΕΡΩ,θεραπευτική,82,342,αίθουσα επέμβασης,Richard Reed,Jason Nelson,Matthew Bennett
Α400845,ΑΝΑΙΣΘΗΣΙΑ ΓΙΑ ΕΠΕΜΒΑΣΕΙΣ ΜΕ ΚΛΕΙΣΤΟ ΘΩΡΑΚΙΚΟ ΤΟΙΧΩΜΑ. ΒΙΟΨΙΑ ΔΙ' ΑΝΑΡΡΟΦΗΣΗΣ ΜΕ ΒΕΛΟΝΑ ΑΠΟ ΤΟΝ ΥΠΕΖΩΚΟΤΑ,θεραπευτική,82,369,αίθουσα επέμβασης,Rachel Ortiz,Shannon Walker,Jennifer Washington
Α400849,ΑΝΑΙΣΘΗΣΙΑ ΓΙΑ ΕΠΕΜΒΑΣΕΙΣ ΜΕ ΚΛΕΙΣΤΟ ΘΩΡΑΚΙΚΟ ΤΟΙΧΩΜΑ. ΠΑΡΑΚΕΝΤΗΣΗ ΤΟΥ ΠΝΕΥΜΟΝΟΣ,θεραπευτική,74,545,αίθουσα επέμβασης,April Carson,George Nichols,Christina Miles
Α400857,ΑΝΑΙΣΘΗΣΙΑ ΓΙΑ ΕΠΕΜΒΑΣΕΙΣ ΜΕ ΚΛΕΙΣΤΟ ΘΩΡΑΚΙΚΟ ΤΟΙΧΩΜΑ. ΜΕΣΟΘΩΡΑΚΟΣΚΟΠΗΣΗ ΚΑΙ ΔΙΑΓΝΩΣΤΙΚΗ ΘΩΡΑΚΟΣΚΟΠΗΣΗ ΧΩΡΙΣ ΜΗΧΑΝΙΚΟ ΑΕΡΙΣΜΟΥ ΤΟΥ ΕΝΟΣ ΠΝΕΥΜΟΝΑ,διαγνωστική,23,158,αίθουσα επέμβασης,Rachel Ortiz,Kelsey Barrera,Dustin Moore
Α400859,ΑΝΑΙΣΘΗΣΙΑ ΓΙΑ ΕΠΕΜΒΑΣΕΙΣ ΜΕ ΚΛΕΙΣΤΟ ΘΩΡΑΚΙΚΟ ΤΟΙΧΩΜΑ. ΜΕΣΟΘΩΡΑΚΟΣΚΟΠΗΣΗ ΚΑΙ ΔΙΑΓΝΩΣΤΙΚΗ ΘΩΡΑΚΟΣΚΟΠΗΣΗ ΜΕ ΜΗΧΑΝΙΚΟ ΑΕΡΙΣΜΟΥ ΤΟΥ ΕΝΟΣ ΠΝΕΥΜΟΝΑ,διαγνωστική,24,288,αίθουσα επέμβασης,Kathy Jones,William Daniels,William Steele
Α400861,ΑΝΑΙΣΘΗΣΙΑ ΓΙΑ ΤΟΠΟΘΕΤΗΣΗ ΜΟΝΙΜΟΥ ΔΙΑΦΛΕΒΙΟΥ ΒΗΜΑΤΟΔΟΤΗ,θεραπευτική,35,401,αίθουσα επέμβασης,Leonard Porter,William Daniels,Victor Williams
Χ717959,"ΠΑΡΟΧΕΤΕΥΣΗ ΕΞΩ ΟΥΣ, ΑΠΟΣΤΗΜΑ Η ΑΙΜΑΤΩΜΑ, ΑΠΛΟ",θεραπευτική,65,896,αίθουσα επέμβασης,Jose Spencer,Lori Taylor,Kelly Grimes
Χ717969,"ΠΑΡΟΧΕΤΕΥΣΗ ΕΞΩ ΟΥΣ, ΑΠΟΣΤΗΜΑ Η ΑΙΜΑΤΩΜΑ, ΕΠΙΠΕΠΛΕΓΜΕΝΟ",θεραπευτική,81,871,αίθουσα επέμβασης,John Molina,Matthew Cooke,Harry Fowler
Χ717999,"ΠΑΡΟΧΕΤΕΥΣΗ ΕΞΩ ΑΚΟΥΣΤΙΚΟΣ ΠΟΡΟΣ, ΑΠΟΣΤΗΜΑ",θεραπευτική,40,652,αίθουσα επέμβασης,Calvin Rowe,Joshua Dennis,Michael Garcia
Χ718159,ΒΙΟΨΙΑ ΕΞΩ ΟΥΣ,θεραπευτική,37,230,αίθουσα επέμβασης,Dillon Jones,Rachel Ortiz,Dustin Moore
Χ718169,ΒΙΟΨΙΑ ΕΞΩ ΑΚΟΥΣΤΙΚΟΣ ΠΟΡΟΣ,θεραπευτική,86,289,αίθουσα επέμβασης,John Molina,Ian Wiggins,Nancy Burke
Χ718179,"ΕΚΤΟΜΗ ΕΞΩ ΟΥΣ, ΜΕΡΙΚΗ, ΑΠΛΗ ΔΙΟΡΘΩΣΗ",χειρουργική,252,3350,χειρουργείο,Thomas Norris,Andrew Choi,Kathy Jones
Χ718199,"ΕΚΤΟΜΗ ΕΞΩ ΟΥΣ, ΟΛΙΚΟΣ ΑΚΡΩΤΗΡΙΑΣΜΟΣ",χειρουργική,154,3163,χειρουργείο,Phillip Wright,Kevin Alvarez,Cheryl Sanchez
Χ718239,"ΕΚΤΟΜΗ ΕΞΟΣΤΩΣΙΣ(ΕΙΣ), ΕΞΩ ΑΚΟΥΣΤΙΚΟΣ ΠΟΡΟΣ",χειρουργική,238,1839,χειρουργείο,Jason Nelson,Lori Taylor,Lindsey Gardner
Χ718249,"ΕΚΤΟΜΗ, ΒΛΑΒΗ ΜΑΛΑΚΟΥ ΙΣΤΟΥ, ΕΞΩ ΑΚΟΥΣΤΙΚΟΣ ΠΟΡΟΣ",χειρουργική,267,1405,χειρουργείο,Jennifer Cross,Rachel Ortiz,John Gonzales
Χ718259,"ΡΙΖΙΚΗ ΕΚΤΟΜΗ, ΒΛΑΒΗ ΕΞΩ ΑΚΟΥΣΤΙΚΟΥ ΠΟΡΟΥ, ΧΩΡΙΣ ΚΑΘΑΡΙΣΜΟ ΤΡΑΧΗΛΙΚΩΝ ΑΔΕΝΩΝ",χειρουργική,120,4003,χειρουργείο,Ralph Henry,William Daniels,April Carson
Χ617999,"ΤΟΜΗ ΣΤΟ ΜΑΣΤΟ ΜΕ ΔΙΕΡΕΥΝΗΣΗ Ή ΠΑΡΟΧΕΤΕΥΣΗ ΑΠΟΣΤΗΜΑΤΟΣ, ΕΝ ΤΩ ΒΑΘΕΙ",χειρουργική,251,3926,χειρουργείο,Clayton Rodriguez,Michael Valencia,Michael Garcia
Χ618019,ΔΙΑΔΙΚΑΣΙΑ ΕΝΕΣΗΣ ΜΟΝΟ ΓΙΑ ΜΑΣΤΙΚΗ ΠΟΡΟΓΡΑΦΙΑ Ή ΓΑΛΑΚΤΟΓΡΑΦΙΑ,θεραπευτική,74,880,αίθουσα επέμβασης,Lauren Smith,Tiffany Martinez,Phillip Wright
Χ618159,"ΒΙΟΨΙΑ ΜΑΣΤΟΥ, ΔΙΑΔΕΡΜΙΚΗ, ΜΕΓΑΛΗ ΒΕΛΟΝΗ, ΧΩΡΙΣ ΑΠΕΙΚΟΝΙΣΤΙΚΗ ΚΑΘΟΔΗΓΗΣΗ (ΧΩΡΙΣΤΗ ΔΙΑΔΙΚΑΣΙΑ)",θεραπευτική,52,365,αίθουσα επέμβασης,Michael Turner,Jennifer Washington,Robert Chen
Χ618161,"ΒΙΟΨΙΑ ΜΑΣΤΟΥ, ΑΝΟΙΚΤΗ",θεραπευτική,44,214,αίθουσα επέμβασης,Andrew Schwartz,Calvin Rowe,Barry Morgan
Χ618163,"ΒΙΟΨΙΑ ΜΑΣΤΟΥ, ΔΙΑΔΕΡΜΙΚΗ, ΜΕΓΑΛΗ ΒΕΛΟΝΗ, ΜΕ ΑΠΕΙΚΟΝΙΣΤΙΚΗ ΚΑΘΟΔΗΓΗΣΗ",θεραπευτική,64,770,αίθουσα επέμβασης,Hannah Cruz,William Daniels,Tracy Allen
Χ618165,"ΒΙΟΨΙΑ ΜΑΣΤΟΥ, ΔΙΑΔΕΡΜΙΚΗ, ΜΕ ΣΥΣΚΕΥΗ ΒΙΟΨΙΑΣ ΑΡΝΗΤΙΚΗΣ ΠΙΕΣΗΣ Ή ΠΕΡΙΣΤΡΕΦΟΜΕΝΗΣ ΒΕΛΟΝΑΣ, ΜΕ ΑΠΕΙΚΟΝΙΣΤΙΚΗ ΚΑΘΟΔΗΓΗΣΗ",θεραπευτική,43,309,αίθουσα επέμβασης,Troy Grant,Brandi Greer,William Steele
Χ618169,"ΑΦΑΙΡΕΣΗ, ΜΕ ΚΡΥΟΧΕΙΡΟΥΡΓΙΚΗ, ΙΝΟΑΔΕΝΩΜΑΤΟΣ, ΣΥΜΠΕΡΙΛΑΜΒΑΝΟΜΕΝΗΣ ΥΠΕΡΗΧΟΓΡΑΦΙΚΗ ΚΑΘΟΔΗΓΗΣΗΣ ΚΑΘΕ ΙΝΟΑΔΕΝΩΜΑ",χειρουργική,112,2915,χειρουργείο,Anthony Rhodes,Victor Williams,Brandi Greer
Χ618179,"ΔΙΕΡΕΥΝΗΣΗ ΘΗΛΗΣ, ΜΕ Ή ΧΩΡΙΣ ΕΚΤΟΜΗ ΜΟΝΗΡΟΥΣ ΓΑΛΑΚΤΟΦΟΡΟΥ ΠΟΡΟΥ Ή ΘΗΛΩΜΑΤΟΣ ΓΑΛΑΚΤΟΦΟΡΟΥ ΠΟΡΟΥ",χειρουργική,150,968,χειρουργείο,Jerry Garcia,Melissa Murphy,William Steele
Χ618183,ΕΚΤΟΜΗ ΣΥΡΙΓΓΙΟΥ ΓΑΛΑΚΤΟΦΟΡΟΥ ΠΟΡΟΥ,χειρουργική,91,3640,χειρουργείο,Ian Wiggins,Jennifer Washington,Nancy Burke
Χ618199,"ΕΚΤΟΜΗ ΚΥΣΤΗΣ, ΙΝΟΑΔΕΝΩΜΑΤΟΣ, Ή ΑΛΛΟΥ ΚΑΛΟΗΘΟΥΣ Ή ΚΑΚΟΗΘΟΥΣ ΟΓΚΟΥ, ΠΑΘΟΛΟΓΙΚΟΥ ΜΑΣΤΙΚΟΥ ΙΣΤΟΥ, ΒΛΑΒΗΣ ΠΟΡΟΥ, ΘΗΛΑΙΑ ΒΛΑΒΗ Ή ΤΗΣ ΘΗΛΑΙΑΣ ΑΛΩ (ΜΕ ΕΞΑΙΡΕΣΗ 19300), ΑΝΟΙΚΤΗ, ΑΡΡΕΝ Ή ΘΗΛΥ, ΜΙΑ Ή ΠΕΡΙΣΣΟΤΕΡΕΣ ΒΛΑΒΕΣ",χειρουργική,203,4082,χειρουργείο,Joshua Dennis,Tiffany Webster,David Flores
Χ618209,"ΕΚΤΟΜΗ ΒΛΑΒΗΣ ΜΑΣΤΟΥ ΤΑΥΤΟΠΟΙΗΜΕΝΗΣ ΑΠΟ ΠΡΟΕΓΧΕΙΡΗΤΙΚΗ ΤΟΠΟΘΕΤΗΣΗ ΑΚΤΙΝΟΛΟΓΙΚΟΥ ΔΕΙΚΤΗ, ΑΝΟΙΚΤΗ, ΜΙΑ ΒΛΑΒΗ",χειρουργική,217,3474,χειρουργείο,Anthony Harris,Jose Spencer,Robert Chen
Χ618211,"ΕΚΤΟΜΗ ΒΛΑΒΗΣ ΜΑΣΤΟΥ ΤΑΥΤΟΠΟΙΗΜΕΝΗΣ ΑΠΟ ΠΡΟΕΓΧΕΙΡΗΤΙΚΗ ΤΟΠΟΘΕΤΗΣΗ ΑΚΤΙΝΟΛΟΓΙΚΟΥ ΔΕΙΚΤΗ, ΑΝΟΙΚΤΗ, ΚΑΘΕ ΕΠΙΠΛΕΟΝ ΒΛΑΒΗ ΞΕΧΩΡΙΣΤΑ ΤΑΥΤΟΠΟΙΗΜΕΝΗ ΜΕ ΠΡΟΕΓΧΕΙΡΗΤΙΚΟ ΑΚΤΙΝΟΛΟΓΙΚΟ ΔΕΙΚΤΗ (ΚΑΤΑΓΡΑΦΕΤΑΙ ΧΩΡΙΣΤΑ ΩΣ ΠΡΟΣΘΗΚΗ ΣΤΟΝ ΚΩΔΙΚΟ ΤΗΣ ΠΡΩΤΟΓΕΝΟΥΣ ΔΙΑΔΙΚΑΣΙΑΣ)",χειρουργική,251,3441,χειρουργείο,Shannon Walker,Barry Morgan,Brian Dennis
Χ618501,"ΕΚΤΟΜΗ ΟΓΚΟΥ ΘΩΡΑΚΙΚΟΥ ΤΟΙΧΩΜΑΤΟΣ ΜΕ ΣΥΜΜΕΤΟΧΗ ΠΛΕΥΡΩΝ, ΜΕ ΠΛΑΣΤΙΚΗ ΑΠΟΚΑΤΑΣΤΑΣΗ, ΧΩΡΙΣ ΜΕΣΟΘΩΡΑΚΙΚΗ ΛΕΜΦΑΔΕΝΕΚΤΟΜΗ",χειρουργική,171,2757,χειρουργείο,William Daniels,Clayton Rodriguez,Mike Lewis
Χ618503,"ΕΚΤΟΜΗ ΟΓΚΟΥ ΘΩΡΑΚΙΚΟΥ ΤΟΙΧΩΜΑΤΟΣ ΜΕ ΣΥΜΜΕΤΟΧΗ ΠΛΕΥΡΩΝ, ΜΕ ΠΛΑΣΤΙΚΗ ΑΠΟΚΑΤΑΣΤΑΣΗ, ΜΕ ΜΕΣΟΘΩΡΑΚΙΚΗ ΛΕΜΦΑΔΕΝΕΚΤΟΜΗ",χειρουργική,214,1054,χειρουργείο,Mike Lewis,Calvin Rowe,Andrew Choi
Χ618539,"ΠΡΟΕΓΧΕΙΡΗΤΙΚΗ ΤΟΠΟΘΕΤΗΣΗ ΣΥΡΜΑΤΟΣ ΕΝΤΟΠΙΣΜΟΥ, ΜΑΣΤΟΣ",θεραπευτική,66,370,αίθουσα επέμβασης,Courtney Thompson,Jerry Garcia,Joshua Dennis
Χ618541,"ΠΡΟΕΓΧΕΙΡΗΤΙΚΗ ΤΟΠΟΘΕΤΗΣΗ ΣΥΡΜΑΤΟΣ ΕΝΤΟΠΙΣΜΟΥ, ΜΑΣΤΟΣ, ΚΑΘΕ ΕΠΙΠΛΕΟΝ ΒΛΑΒΗ (ΚΑΤΑΓΡΑΦΕΤΑΙ ΧΩΡΙΣΤΑ ΩΣ ΠΡΟΣΘΗΚΗ ΣΤΟΝ ΚΩΔΙΚΟ ΤΗΣ ΠΡΩΤΟΓΕΝΟΥΣ ΔΙΑΔΙΚΑΣΙΑΣ)",θεραπευτική,67,728,αίθουσα επέμβασης,Kristy Griffin,Evan Henry,Vanessa Davis
Χ639959,"ΠΑΡΟΧΕΤΕΥΣΗ ΑΠΟΣΤΗΜΑΤΟΣ Ή ΑΙΜΑΤΩΜΑΤΟΣ, ΡΙΝΙΚΟ, ΕΣΩΤΕΡΙΚΗ ΠΡΟΣΠΕΛΑΣΗ",θεραπευτική,47,166,αίθουσα επέμβασης,George Nichols,Alec Rojas,Hannah Cruz
Χ639999,"ΠΑΡΟΧΕΤΕΥΣΗ ΑΠΟΣΤΗΜΑΤΟΣ Ή ΑΙΜΑΤΩΜΑΤΟΣ, ΡΙΝΙΚΟ ΔΙΑΦΡΑΓΜΑ",θεραπευτική,68,697,αίθουσα επέμβασης,Jared Allen,Dustin Moore,Troy Horton
Χ640159,"ΒΙΟΨΙΑ, ΕΝΔΟΡΙΝΙΚΗ",θεραπευτική,77,453,αίθουσα επέμβασης,Anthony Rhodes,Dustin Moore,Tiffany Martinez
Χ640179,"ΕΚΤΟΜΗ, ΡΙΝΙΚΟΣ ΠΟΛΥΠΟΔΑΣ(ΕΣ), ΑΠΛΗ",χειρουργική,156,2535,χειρουργείο,George Nichols,George Foster,Anthony Harris
Χ640189,"ΕΚΤΟΜΗ, ΡΙΝΙΚΟΣ ΠΟΛΥΠΟΔΑΣ(ΕΣ), ΕΥΡΕΙΑ",χειρουργική,102,2309,χειρουργείο,Harry Fowler,Michael Smith,Andrew Schwartz
Χ640193,"ΕΚΤΟΜΗ Ή ΚΑΤΑΣΤΡΟΦΗ (ΠΧ. ΛΕΪΖΕΡ Ή ΡΑΔΙΟΣΥΧΝΟΤΗΤΕΣ), ΕΝΔΟΡΙΝΙΚΗ ΒΛΑΒΗ. ΕΣΩΤΕΡΙΚΗ ΠΡΟΣΠΕΛΑΣΗ",χειρουργική,205,3610,χειρουργείο,Rachel Ortiz,Lauren Smith,Troy Horton
Χ640195,"ΕΚΤΟΜΗ Ή ΚΑΤΑΣΤΡΟΦΗ (ΠΧ. ΛΕΪΖΕΡ), ΕΝΔΟΡΙΝΙΚΗ ΒΛΑΒΗ. ΕΞΩΤΕΡΙΚΗ ΠΡΟΣΠΕΛΑΣΗ (ΠΛΑΓΙΑ ΡΙΝΟΤΟΜΙΑ)",χειρουργική,155,1771,χειρουργείο,Cheryl Sanchez,Brian Dennis,Jared Allen
Χ640199,"ΑΝΤΙΜΕΤΩΠΙΣΗ ΡΙΝΟΦΥΜΑΤΟς ΜΕ ΧΡΗΣΗ ΔΕΡΜΟΑΠΟΞΕΣΗΣ, ΛΕΙΖΕΡ, ΗΛΕΚΡΟΧΕΙΡΟΥΡΓΙΚΗ, ΚΡΥΟΘΕΡΑΠΕΙΑ ΚΛΠ.",χειρουργική,205,2332,χειρουργείο,John Molina,Evan Henry,Dillon Jones
Χ640207,"ΕΚΤΟΜΗ ΔΕΡΜΟΕΙΔΟΥΣ ΚΥΣΤΗΣ, ΡΙΣ. ΑΠΛΗ, ΔΕΡΜΑ, ΥΠΟΔΟΡΙΑ",χειρουργική,122,3099,χειρουργείο,Tiffany Webster,Harry Fowler,Anthony Harris
Χ640209,"ΕΚΤΟΜΗ ΔΕΡΜΟΕΙΔΟΥΣ ΚΥΣΤΗΣ, ΡΙΣ. ΣΥΝΘΕΤΗ, ΚΑΤΩ ΑΠΟ ΟΣΤΟ Ή ΧΟΝΔΡΟ",χειρουργική,243,1845,χειρουργείο,Kristy Griffin,William Steele,Anthony Harris
Χ640219,"ΕΚΤΟΜΗ ΚΑΤΩ ΡΙΝΙΚΗΣ ΚΟΓΧΗΣ, ΜΕΡΙΚΗ Ή ΟΛΙΚΗ, ΚΑΘΕ ΜΕΘΟΔΟΣ",χειρουργική,118,3046,χειρουργείο,Kevin Alvarez,Tiffany Webster,Barry Morgan
Χ640239,"ΥΠΟΒΛΕΝΝΟΓΟΝΟΣ ΕΚΤΟΜΗ ΚΑΤΩ ΡΙΝΙΚΗΣ ΚΟΓΧΗΣ, ΜΕΡΙΚΗ Ή ΟΛΙΚΗ, ΚΑΘΕ ΜΕΘΟΔΟΣ",χειρουργική,80,3811,χειρουργείο,Kelly Grimes,Clayton Rodriguez,Matthew Bennett
Χ640259,ΡΙΝΕΚΤΟΜΗ. ΜΕΡΙΚΗ,χειρουργική,247,3577,χειρουργείο,Anthony Rhodes,Christina Miles,April Carson
Χ640279,ΡΙΝΕΚΤΟΜΗ. ΟΛΙΚΗ,χειρουργική,194,3186,χειρουργείο,Kristy Griffin,Tiffany Martinez,Melissa Murphy
Χ640359,"ΕΝΕΣΗ ΣΤΗΝ ΡΙΝΙΚΗ(ΕΣ) ΚΟΓΧΗ(ΕΣ), ΘΕΡΑΠΕΥΤΙΚΗ",θεραπευτική,34,585,αίθουσα επέμβασης,Ralph Henry,Calvin Rowe,Steven Johns
Χ640399,"ΕΙΣΑΓΩΓΗ, ΡΙΝΙΚΗ ΔΙΑΦΡΑΓΜΑΤΙΚΗ ΠΡΟΘΕΣΗ (ΟΠΗ)",θεραπευτική,52,470,αίθουσα επέμβασης,Mike Lewis,Alec Rojas,George Foster
Κ508781,ΕΝΔΟΦΛΕΒΙΟΣ ΟΥΡΟΓΡΑΦΙΑ,θεραπευτική,57,237,αίθουσα επέμβασης,Andrew Schwartz,Lindsey Gardner,Jennifer Cross
Κ508821,ΑΝΙΟΥΣΑ ΟΥΡΟΓΡΑΦΙΑ,θεραπευτική,31,367,αίθουσα επέμβασης,David Flores,Dillon Jones,Barbara Baird
Κ508841,ΕΝΔΟΦΛΕΒΙΟΣ ΚΥΣΤΕΟΓΡΑΦΙΑ,θεραπευτική,58,632,αίθουσα επέμβασης,Michael Cook,Evan Henry,Michelle Henderson
Κ508881,ΟΥΡΗΘΡΟΓΡΑΦΙΑ,θεραπευτική,85,872,αίθουσα επέμβασης,Cheryl Sanchez,Leonard Porter,William Daniels
Κ508931,"ΕΙΣΑΓΩΓΗ ΕΝΔΟΚΑΘΕΤΗΡΑ Ή ΚΑΘΕΤΗΡΑ ΣΤΗ ΝΕΦΡΙΚΗ ΠΥΕΛΟ ΓΙΑ ΠΑΡΟΧΕΤΕΥΣΗ ΚΑΙ/Ή ΕΝΕΣΗ, ΔΙΑΔΕΡΜΙΚΗ, ΑΚΤΙΝΟΛΟΓΙΚΗ ΕΠΙΒΛΕΨΗ ΚΑΙ ΕΡΜΗΝΕΙΑ",θεραπευτική,79,416,αίθουσα επέμβασης,Tiffany Martinez,Jared Allen,Andrew Choi
Κ508941,"ΕΙΣΑΓΩΓΗ ΟΥΡΗΤΗΡΙΚΟΥ ΚΑΘΕΤΗΡΑ Ή ΣΤΕΝΤ ΜΕΣΩ ΝΕΦΡΙΚΗΣ ΠΥΕΛΟΥ ΓΙΑ ΠΑΡΟΧΕΤΕΥΣΗ ΚΑΙ/Ή ΕΝΕΣΗ, ΔΙΑΔΕΡΜΙΚΗ, ΑΚΤΙΝΟΛΟΓΙΚΗ ΕΠΙΒΛΕΨΗ ΚΑΙ ΕΡΜΗΝΕΙΑ",θεραπευτική,89,451,αίθουσα επέμβασης,Brian Dennis,Barbara Baird,Troy Grant
Κ508951,"ΔΙΑΣΤΟΛΗ ΝΕΦΡΟΣΤΟΜΙΑΣ, ΟΥΡΗΤΗΡΩΝ, Ή ΟΥΡΗΘΡΑΣ, ΑΚΤΙΝΟΛΟΓΙΚΗ ΕΠΙΒΛΕΨΗ ΚΑΙ ΕΡΜΗΝΕΙΑ",θεραπευτική,36,829,αίθουσα επέμβασης,Andrew Choi,Lauren Daniels,Laura Beltran
Κ509401,"ΠΥΕΛΟΜΕΤΡΗΣΗ, ΜΕ Ή ΧΩΡΙΣ ΕΝΤΟΠΙΣΜΟ ΠΛΑΚΟΥΝΤΑ",θεραπευτική,31,336,αίθουσα επέμβασης,Clayton Rodriguez,Kristy Griffin,Joy Wood
Κ509461,ΥΣΤΕΡΟΣΑΛΠΙΓΓΟΓΡΑΦΙΑ,θεραπευτική,69,209,αίθουσα επέμβασης,John Molina,Virginia Benjamin,Jason Nelson
Κ509465,ΚΑΘΕΤΗΡΙΑΣΜΟΣ ΣΑΛΠΙΓΓΩΝ,θεραπευτική,90,497,αίθουσα επέμβασης,John Molina,Troy Grant,Elizabeth Pace
Κ511095,ΜΑΓΝΗΤΙΚΗ ΤΟΜΟΓΡΑΦΙΑ ΚΑΡΔΙΑΣ ΣΕ ΗΡΕΜΙΑ,θεραπευτική,38,882,αίθουσα επέμβασης,Elizabeth Pace,Thomas Norris,Tiffany Webster
Κ511181,"ΑΟΡΤΟΓΡΑΦΙΑ, ΘΩΡΑΚΙΚΗ, ΧΩΡΙΣ ΣΕΙΡΙΟΓΡΑΦΙΑ, ΑΚΤΙΝΟΛΟΓΙΚΗ ΕΠΙΒΛΕΨΗ ΚΑΙ ΕΡΜΗΝΕΙΑ",θεραπευτική,41,301,αίθουσα επέμβασης,Steven Johns,Stephanie Todd,Harry Fowler
Κ511191,"ΑΟΡΤΟΓΡΑΦΙΑ, ΘΩΡΑΚΙΚΗ, ΜΕ ΣΕΙΡΙΟΓΡΑΦΙΑ, ΑΚΤΙΝΟΛΟΓΙΚΗ ΕΠΙΒΛΕΨΗ ΚΑΙ ΕΡΜΗΝΕΙΑ",θεραπευτική,35,305,αίθουσα επέμβασης,Andrew Choi,Rachel Ortiz,Anthony Rhodes
Κ511231,"ΑΟΡΤΟΓΡΑΦΙΑ, ΚΟΙΛΙΑΚΗ, ΜΕ ΣΕΙΡΙΟΓΡΑΦΙΑ, ΑΚΤΙΝΟΛΟΓΙΚΗ ΕΠΙΒΛΕΨΗ ΚΑΙ ΕΡΜΗΝΕΙΑ",θεραπευτική,71,808,αίθουσα επέμβασης,Brandi Greer,Kristy Griffin,Tiffany Webster
Β303907,"ΑΚΕΤΑΛΔΕΥΔΗ, ΑΙΜΑΤΟΣ",θεραπευτική,56,426,αίθουσα επέμβασης,Shannon Walker,Vanessa Davis,Ian Wiggins
Β303913,ΑΚΕΤΑΜΙΝΟΦΕΝΗ,θεραπευτική,88,872,αίθουσα επέμβασης,George Nichols,Brandi Greer,Mike Lewis
Β303925,"ΑΚΕΤΟΝΗ Η ΑΛΛΕΣ ΚΕΤΟΝΕΣ, ΟΡΟΣ. ΠΟΙΟΤΙΚΗ",θεραπευτική,48,159,αίθουσα επέμβασης,Laura Beltran,Lisa Kane,Lori Taylor
Β303933,ΑΚΕΤΥΛΧΟΛΙΝΕΣΤΕΡΑΣΗ,θεραπευτική,59,623,αίθουσα επέμβασης,Rachel Ortiz,Mike Lewis,Stephanie Todd
Β303939,"ΚΑΡΝΙΤΙΝΕΣ. ΠΟΙΟΤΙΚΗ, ΚΑΘΕ ΕΙΔΟΣ",θεραπευτική,53,200,αίθουσα επέμβασης,John Molina,Dustin Moore,Alec Rojas
Β303941,"ΚΑΡΝΙΤΙΝΕΣ. ΠΟΣΟΤΙΚΗ, ΚΑΘΕ ΕΙΔΟΣ",θεραπευτική,31,756,αίθουσα επέμβασης,Cheryl Sanchez,Dustin Moore,Joshua Dennis
Β303955,ΑΔΡΕΝΟΚΟΡΤΙΚΟΤΡΟΠΟΣ ΟΡΜΟΝΗ (ACTH),θεραπευτική,69,732,αίθουσα επέμβασης,Phillip Wright,Matthew Cooke,John Molina
Β303967,"ΑΔΕΝΟΣΙΝΗ, 5-ΜΟΝΟΦΩΣΦΟΡΙΚΗ, ΚΥΚΛΙΚΗ (CYCLIC AMP)",θεραπευτική,35,240,αίθουσα επέμβασης,Lauren Smith,Michael Cook,Kelly Grimes
Β303987,ΛΕΥΚΩΜΑΤΙΝΗ ΟΡΟΥ,θεραπευτική,47,460,αίθουσα επέμβασης,Ashley Long,Robert Chen,Joseph Gill
Β303991,ΛΕΥΚΩΜΑΤΙΝΗ ΟΥΡΩΝ,θεραπευτική,85,709,αίθουσα επέμβασης,Kelsey Barrera,Victor Williams,Michael Turner
Β303993,"ΛΕΥΚΩΜΑΤΙΝΗ. ΟΥΡΑ, ΜΙΚΡΟΛΕΥΚΩΜΑΤΙΝΗ,ΠΟΣΟΤΙΚΗ",θεραπευτική,84,378,αίθουσα επέμβασης,Christina Miles,Jennifer Washington,Michelle Henderson
Β316525,"ΕΠΙΠΕΔΟ VI - ΧΕΙΡΟΥΡΓΙΚΗ ΠΑΘΟΛΟΓΙΚΗ ΑΝΑΤΟΜΙΚΗ, ΜΑΚΡΟΣΚΟΠΙΚΗ ΚΑΙ ΜΙΚΡΟΣΚΟΠΙΚΗ ΕΞΕΤΑΣΗ",χειρουργική,223,1706,χειρουργείο,Lindsey Gardner,Jason Nelson,Joshua Dennis
Β316529,ΔΙΑΔΙΚΑΣΙΑ ΑΦΑΛΑΤΩΣΗΣ ΑΝΕΞΑΡΤΗΤΩΣ ΟΡΓΑΝΟΥ (ΚΑΤΑΓΡΑΦΕΤΑΙ ΞΕΧΩΡΙΣΤΑ ΕΠΙΠΛΕΟΝ ΤΟΥ ΚΩΔΙΚΟΥ ΤΗΣ ΑΝΤΙΣΤΟΙΧΗΣ ΕΞΕΤΑΣΗΣ ΧΕΙΡΟΥΡΓΙΚΗΣ ΠΑΘΟΛΟΓΙΚΗΣ ΑΝΑΤΟΜΙΚΗΣ),χειρουργική,172,2990,χειρουργείο,Joshua Dennis,Michael Smith,George Nichols
Β316531,"ΕΙΔΙΚΕΣ ΙΣΤΟΧΗΜΙΚΕΣ ΧΡΩΣΕΙΣ (ΕΚΑΣΤΗ ΚΑΤΑΓΡΑΦΕΤΑΙ ΞΕΧΩΡΙΣΤΑ ΑΠΟ ΤΟΝ ΚΩΔΙΚΟ ΤΗΣ ΑΝΤΙΣΤΟΙΧΗΣ ΕΞΕΤΑΣΗΣ ΧΕΙΡΟΥΡΓΙΚΗΣ ΠΑΘΟΛΟΓΙΚΗΣ ΑΝΑΤΟΜΙΚΗΣ) ΟΜΑΔΑ Ι ΓΙΑ ΜΙΚΡΟΟΡΓΑΝΙΣΜΟΥΣ (π.χ. GRIDLEY, ACID FAST, METHENAMINE SILVER, GROCOTT, WARTHIN STARY, ZIEL NIELSEN, κ.ά.)",χειρουργική,68,1676,χειρουργείο,Ashley Long,Ian Wiggins,Lisa Kane
Β316533,"ΕΙΔΙΚΕΣ ΙΣΤΟΧΗΜΙΚΕΣ ΧΡΩΣΕΙΣ (ΕΚΑΣΤΗ ΚΑΤΑΓΡΑΦΕΤΑΙ ΞΕΧΩΡΙΣΤΑ ΑΠΟ ΤΟΝ ΚΩΔΙΚΟ ΤΗΣ ΑΝΤΙΣΤΟΙΧΗΣ ΕΞΕΤΑΣΗΣ ΧΕΙΡΟΥΡΓΙΚΗΣ ΠΑΘΟΛΟΓΙΚΗΣ ΑΝΑΤΟΜΙΚΗΣ ΟΜΑΔΑ ΙI ΟΛΕΣ ΟΙ ΥΠΟΛΟΙΠΕΣ (π.χ. IRON, TRICHROME, MASSON FONTANA, ORCEIN, GRIMELIUS, PAS, PAS-διαστάση, ALCIAN BLUE-PAS, κ.ά.)",χειρουργική,295,2244,χειρουργείο,Andrew Choi,Mike Lewis,Ralph Henry
Β316535,ΕΙΔΙΚΕΣ ΙΣΤΟΧΗΜΙΚΕΣ ΧΡΩΣΕΙΣ (ΚΑΤΑΓΡΑΦΕΤΑΙ ΞΕΧΩΡΙΣΤΑ ΑΠΟ ΤΟΝ ΚΩΔΙΚΟ ΤΗΣ ΑΝΤΙΣΤΟΙΧΗΣ ΕΞΕΤΑΣΗΣ ΧΕΙΡΟΥΡΓΙΚΗΣ ΠΑΘΟΛΟΓΙΚΗΣ ΑΝΑΤΟΜΙΚΗΣ) ΣΕ ΤΟΜΕΣ ΚΡΥΟΣΤΑΤΗ,χειρουργική,196,1104,χειρουργείο,Jose Spencer,Nancy Burke,Ashley Long
Β316543,"ΠΡΟΣΔΙΟΡΙΣΤΙΚΗ ΙΣΤΟΧΗΜΕΙΑ ΓΙΑ ΤΗΝ ΤΥΠΟΠΟΙΗΣΗ ΧΗΜΙΚΩΝ ΣΥΣΤΑΤΙΚΩΝ (π.χ. ΧΑΛΚΟΣ, ΨΕΥΔΑΡΓΥΡΟΣ, Fe, κ.ά.) ΕΚΑΣΤΗ",θεραπευτική,77,608,αίθουσα επέμβασης,Lisa Kane,William Steele,John Gonzales
Β316545,ΕΚΑΣΤΗ ΠΡΟΣΔΙΟΡΙΣΤΙΚΗ ΙΣΤΟΧΗΜΕΙΑ Ή ΚΥΤΤΑΡΟΧΗΜΕΙΑ ΓΙΑ ΤΗΝ ΤΥΠΟΠΟΙΗΣΗ ΕΝΖΥΜΙΚΩΝ ΣΥΣΤΑΤΙΚΩΝ,θεραπευτική,71,568,αίθουσα επέμβασης,Jason Nelson,Jose Spencer,Andrew Choi
Β316549,ΣΥΜΒΟΥΛΕΥΤΙΚΗ ΓΝΩΜΗ ΜΕ ΣΥΝΤΑΞΗ ΠΟΡΙΣΜΑΤΟΣ ΕΠΙ ΠΑΡΑΠΕΜΠΟΜΕΝΩΝ ΙΣΤΟΛΟΓΙΚΩΝ ΠΛΑΚΙΔΙΩΝ ΠΟΥ ΠΑΡΑΣΚΕΥΑΣΘΗΚΑΝ ΕΚΤΟΣ ΕΡΓΑΣΤΗΡΙΟΥ,θεραπευτική,73,399,αίθουσα επέμβασης,Matthew Bennett,Nancy Burke,John Gonzales
Β316553,ΣΥΜΒΟΥΛΕΥΤΙΚΗ ΓΝΩΜΗ ΜΕ ΣΥΝΤΑΞΗ ΠΟΡΙΣΜΑΤΟΣ ΕΠΙ ΠΑΡΑΠΕΜΠΟΜΕΝΟΥ ΥΛΙΚΟΥ ΟΠΟΥ ΑΠΑΙΤΕΙΤΑΙ Η ΠΑΡΑΣΚΕΥΗ ΙΣΤΟΛΟΓΙΚΩΝ ΠΛΑΚΙΔΙΩΝ Ή/ΚΑΙ ΕΦΑΡΜΟΓΗ ΕΙΔΙΚΩΝ ΧΡΩΣΕΩΝ ΚΑΙ ΑΝΟΣΟΙΣΤΟΧΗΜΕΙΑΣ (ΕΠΙΠΛΕΟΝ ΚΩΔΙΚΟΙ),θεραπευτική,59,514,αίθουσα επέμβασης,George Nichols,George Foster,Jose Spencer
Β316557,ΛΕΠΤΟΜΕΡΗΣ ΣΥΜΒΟΥΛΕΥΤΙΚΗ ΓΝΩΜΗ ΜΕ ΣΥΝΤΑΞΗ ΠΟΡΙΣΜΑΤΟΣ ΕΠΙ ΠΑΡΑΠΕΜΠΟΜΕΝΟΥ ΥΛΙΚΟΥ ΠΟΥ ΑΠΑΙΤΕΙ ΑΝΑΣΚΟΠΗΣΗ ΥΛΙΚΩΝ ΙΑΤΡΙΚΩΝ ΑΡΧΕΙΩΝ,θεραπευτική,72,735,αίθουσα επέμβασης,Clayton Rodriguez,Kelsey Barrera,Troy Horton
Ι201439,ΟΙΣΟΦΑΓΙΚΗ ΔΙΑΣΩΛΗΝΩΣΗ ΚΑΙ ΣΥΛΛΟΓΗ ΕΚΠΛΥΜΑΤΩΝ ΓΙΑ ΚΥΤΤΑΡΟΛΟΓΙΑ,θεραπευτική,89,804,αίθουσα επέμβασης,Kelly Grimes,Lindsey Gardner,Michael Valencia
Ι201479,ΜΑΝΟΜΕΤΡΙΑ ΣΤΟΜΑΧΟΥ,διαγνωστική,60,121,αίθουσα επέμβασης,Kathy Jones,Andrew Choi,Shannon Walker
Ι201483,ΜΑΝΟΜΕΤΡΙΑ ΔΩΔΕΚΑΔΑΚΤΥΛΟΥ,διαγνωστική,58,173,αίθουσα επέμβασης,Cheryl Sanchez,Jason Nelson,Ralph Henry
Ι201499,ΔΟΚΙΜΑΣΙΑ BERNSTEIN ΜΕ ΕΓΧΥΣΗ ΟΞΕΟΣ ΣΤΟΝ ΟΙΣΟΦΑΓΟ,διαγνωστική,50,238,αίθουσα επέμβασης,Steven Johns,Hannah Cruz,Michael Garcia
Ι201509,24ΩΡΗ ΦΟΡΗΤΗ ΠΕΧΑΜΕΤΡΙΑ ΟΙΣΟΦΑΓΟΥ,διαγνωστική,23,79,αίθουσα επέμβασης,Tracy Allen,Anthony Rhodes,Barbara Baird
Ι201515,24ΩΡΗ ΑΝΤΙΣΤΑΣΙΟΜΕΤΡΙΑ (ΕΜΠΕΔΗΣΗ) ΟΙΣΟΦΑΓΟΥ,θεραπευτική,33,869,αίθουσα επέμβασης,Lauren Daniels,Jennifer Cross,Jennifer Washington
Ι201519,ΜΕΛΕΤΗ ΠΡΟΚΛΗΣΗΣ ΔΙΑΤΑΣΗΣ ΤΟΥ ΟΙΣΟΦΑΓΟΥ ΜΕ ΑΕΡΟΘΑΛΑΜΟ,θεραπευτική,30,851,αίθουσα επέμβασης,Jason Nelson,Lori Taylor,Michael Cook
Ι201543,"ΔΟΚΙΜΑΣΙΑ ΓΑΣΤΡΙΚΗΣ ΑΝΑΛΥΣΗΣ ΜΕ ΔΙΕΓΕΡΣΗ ΓΑΣΤΡΙΚΗΣ ΕΚΚΡΙΣΗΣ (Π.Χ. ΙΣΤΑΜΙΝΗ, ΙΝΣΟΥΛΙΝΗ, ΠΕΝΤΑΓΑΣΤΡΙΝΗ, ΑΣΒΕΣΤΙΟ ΚΑΙ ΣΕΚΡΕΤΙΝΗ)",διαγνωστική,51,99,αίθουσα επέμβασης,Evan Henry,Lisa Kane,Cheryl Sanchez
Ι201549,"ΚΑΘΕΤΗΡΙΑΣΜΟΣ ΣΤΟΜΑΧΟΥ, ΠΛΥΣΕΙΣ ΚΑΙ ΠΡΟΕΤΟΙΜΑΣΙΑ ΠΛΑΚΩΝ ΓΙΑ ΚΥΤΤΑΡΟΛΟΓΙΚΗ ΕΞΕΤΑΣΗ",διαγνωστική,52,307,αίθουσα επέμβασης,Thomas Norris,Andrew Choi,Elizabeth Pace
Ι201569,ΔΟΚΙΜΑΣΙΑ ΕΚΠΝΟΗΣ ΥΔΡΟΓΟΝΟΥ ΓΙΑ ΑΝΙΧΝΕΥΣΗ ΑΝΕΠΑΡΚΕΙΑΣ ΛΑΚΤΑΣΗΣ Η ΥΠΕΡΑΝΑΠΤΥΞΗ ΒΑΚΤΗΡΙΔΙΩΝ,διαγνωστική,38,79,αίθουσα επέμβασης,Evan Henry,Christina Miles,George Nichols
Ι201649,"ΚΑΘΕΤΗΡΙΑΣΜΟΣ ΣΤΟΜΑΧΟΥ ΚΑΙ ΑΝΑΡΡΟΦΗΣΗ Ή ΠΛΥΣΗ ΜΕ ΘΕΡΑΠΕΥΤΙΚΟ ΣΚΟΠΟ (ΠΧ, ΓΙΑ ΚΑΤΑΠΟΣΗ ΔΗΛΗΤΗΡΙΟΥ)",θεραπευτική,79,394,αίθουσα επέμβασης,Victor Williams,Christina Miles,Jared Allen
Ι201679,ΕΛΕΓΧΟΣ ΑΙΣΘΗΤΙΚΟΤΗΤΑΣ ΟΡΘΟΥ ΚΑΙ ΔΟΚΙΜΑΣΙΑ ΕΝΔΟΤΙΚΟΤΗΤΑΣ (ΑΠΑΝΤΗΣΗ ΣΕ ΔΙΑΒΑΘΜΙΣΜΕΝΗ ΔΙΑΤΑΣΗ ΑΕΡΟΘΑΛΑΜΟΥ),διαγνωστική,36,85,αίθουσα επέμβασης,Steven Johns,Brandi Greer,Lauren Daniels
Ι201683,ΟΡΘΟΠΡΩΚΤΙΚΗ ΜΑΝΟΜΕΤΡΙΑ,διαγνωστική,29,119,αίθουσα επέμβασης,Evan Henry,Ashley Long,Lori Taylor
Ι201703,ΔΙΑΔΕΡΜΙΚΗ ΗΛΕΚΤΡΟΓΑΣΤΡΟΓΡΑΦΙΑ,θεραπευτική,34,629,αίθουσα επέμβασης,Brian Dennis,Dustin Moore,Michael Turner
Ι203579,"ΤΟΠΟΘΕΤΗΣΗ ΦΑΚΩΝ ΕΠΑΦΗΣ ΓΙΑ ΑΝΤΙΜΕΤΩΠΙΣΗ ΝΟΣΟΥ, ΠΕΡΙΛΑΜΒΑΝΟΜΕΝΗΣ ΤΗΣ ΠΡΟΜΗΘΕΙΑΣ ΤΟΥ ΦΑΚΟΥ",θεραπευτική,41,818,αίθουσα επέμβασης,Brian Dennis,Troy Grant,Calvin Rowe
Ι203601,"ΕΞΕΤΑΣΗ ΟΠΤΙΚΟΥ ΠΕΔΙΟΥ, ΕΤΕΡΟΠΛΕΥΡΗ Ή ΑΜΦΟΤΕΡΟΠΛΕΥΡΗ, ΜΕ ΕΡΜΗΝΕΙΑ ΚΑΙ ΕΚΘΕΣΗ. ΠΕΡΙΟΡΙΣΜΕΝΗ ΕΞΕΤΑΣΗ",διαγνωστική,48,305,αίθουσα επέμβασης,Matthew Bennett,Lauren Daniels,Michael Smith
Ι203603,"ΕΞΕΤΑΣΗ ΟΠΤΙΚΟΥ ΠΕΔΙΟΥ, ΕΤΕΡΟΠΛΕΥΡΗ Ή ΑΜΦΟΤΕΡΟΠΛΕΥΡΗ, ΜΕ ΕΡΜΗΝΕΙΑ ΚΑΙ ΕΚΘΕΣΗ. ΜΕΣΑΙΑ ΕΞΕΤΑΣΗ",διαγνωστική,35,350,αίθουσα επέμβασης,Calvin Rowe,Jennifer Washington,Jerry Garcia
Ι203605,"ΕΞΕΤΑΣΗ ΟΠΤΙΚΟΥ ΠΕΔΙΟΥ, ΕΤΕΡΟΠΛΕΥΡΗ Ή ΑΜΦΟΤΕΡΟΠΛΕΥΡΗ, ΜΕ ΕΡΜΗΝΕΙΑ ΚΑΙ ΕΚΘΕΣΗ. ΕΚΤΕΤΑΜΕΝΗ ΕΚΘΕΣΗ",διαγνωστική,38,284,αίθουσα επέμβασης,Andrew Choi,Kelsey Barrera,Clayton Rodriguez
Ι203639,ΣΕΙΡΙΑΚΗ ΤΟΝΟΜΕΤΡΙΑ (ΞΕΧΩΡΙΣΤΗ ΔΙΑΔΙΚΑΣΙΑ),διαγνωστική,28,334,αίθουσα επέμβασης,Alec Rojas,George Nichols,Melissa Murphy
Ι203699,ΤΟΝΟΓΡΑΦΙΑ ΜΕ ΠΡΟΚΛΗΣΗ ΥΔΑΤΟΣ,διαγνωστική,56,71,αίθουσα επέμβασης,Troy Grant,George Foster,John Molina
